BookingID,BookingType,DriverID,CustomerID,BookingDate,BookingTime,CarID,DropLatitude,DropLongitude
1,Rental,,,,,,46.3940407,14.4979088
2,CabService,,,,,,24.754346,107.220298
3,Rental,,,,,,48.9101028,2.234305
4,Rental,,,,,,37.8298386,112.5511892
5,Rental,,,,,,28.642843,111.161288
6,CabService,,,,,,49.3496761,18.180271
7,CabService,,,,,,-11.0646689,-37.4894776
8,Rental,,,,,,14.6991252,120.5166906
9,CabService,,,,,,-0.223997,111.391098
10,Rental,,,,,,43.8322875,25.9534752
11,Rental,,,,,,17.5656036,44.2289441
12,CabService,,,,,,-32.817807,-63.877963
13,Rental,,,,,,11.111972,125.500634
14,Rental,,,,,,38.5928606,-2.5498208
15,Rental,,,,,,38.9039998,100.103698
16,CabService,,,,,,44.1675867,2.0308233
17,CabService,,,,,,20.8965838,-105.4093552
18,Rental,,,,,,31.717564,119.382381
19,Rental,,,,,,-6.6760711,-36.9326095
20,CabService,,,,,,48.8129209,2.2385405
21,Rental,,,,,,-14.226324,-46.4393054
22,Rental,,,,,,31.556273,115.004962
23,Rental,,,,,,27.568278,117.562238
24,Rental,,,,,,32.265208,91.677053
25,CabService,,,,,,11.7744786,124.8827037
26,CabService,,,,,,-20.2081037,57.408999
27,CabService,,,,,,-6.9401945,106.9247932
28,CabService,,,,,,38.9550335,-9.1331143
29,Rental,,,,,,63.1199384,25.0747115
30,Rental,,,,,,22.469575,111.89524
31,Rental,,,,,,-38.25,-72.6833
32,CabService,,,,,,16.4656784,102.7834876
33,CabService,,,,,,26.0824759,119.2969454
34,Rental,,,,,,59.9251831,10.8203114
35,Rental,,,,,,28.51845,110.278039
36,Rental,,,,,,55.804047,37.2877274
37,CabService,,,,,,-7.6092767,15.0552391
38,CabService,,,,,,44.6034915,20.45241
39,CabService,,,,,,13.18179,44.29966
40,Rental,,,,,,10.9005556,119.4011078
41,Rental,,,,,,48.75667,-91.62409
42,Rental,,,,,,59.3961735,27.7619842
43,Rental,,,,,,49.0813568,13.9584191
44,Rental,,,,,,4.727773,-76.121514
45,Rental,,,,,,45.1761098,20.9132879
46,CabService,,,,,,48.0158729,40.8393808
47,Rental,,,,,,49.275632,13.8214707
48,Rental,,,,,,32.9901655,130.608934
49,CabService,,,,,,-4.7695926,-40.5112755
50,Rental,,,,,,11.6578757,122.3054783
51,CabService,,,,,,11.0990419,122.6533918
52,CabService,,,,,,31.34337,34.32337
53,CabService,,,,,,13.53605,144.88855
54,Rental,,,,,,47.082485,39.3745033
55,Rental,,,,,,13.439615,-86.7994359
56,CabService,,,,,,-36.8868126,-60.3003601
57,Rental,,,,,,31.42013,35.11516
58,Rental,,,,,,39.4242713,-8.6985716
59,Rental,,,,,,58.0580802,37.1162575
60,CabService,,,,,,39.6507816,-8.5452616
61,CabService,,,,,,13.5955617,102.9665821
62,Rental,,,,,,-8.557437,114.0369075
63,Rental,,,,,,39.0008341,139.9181485
64,Rental,,,,,,51.3870782,28.8660119
65,CabService,,,,,,31.18458,115.026045
66,CabService,,,,,,-37.3130297,-59.0746886
67,Rental,,,,,,27.754532,112.723615
68,Rental,,,,,,13.5432995,-89.038242
69,Rental,,,,,,45.4815563,4.3637137
70,Rental,,,,,,44.2136985,3.9996505
71,CabService,,,,,,4.0510564,9.7678687
72,Rental,,,,,,40.3329294,116.6356312
73,Rental,,,,,,43.4829443,44.5893304
74,CabService,,,,,,22.6188131,-83.7066289
75,CabService,,,,,,11.3421375,-73.0405277
76,CabService,,,,,,23.365556,116.70345
77,Rental,,,,,,44.9688472,-93.1315648
78,Rental,,,,,,31.95388,35.2998
79,CabService,,,,,,54.760117,17.5563117
80,CabService,,,,,,45.5436558,3.2448508
81,Rental,,,,,,58.3776252,26.7290062
82,CabService,,,,,,49.2744124,25.1313297
83,CabService,,,,,,51.29995,-116.9689
84,Rental,,,,,,37.955893,23.7020975
85,CabService,,,,,,28.454862,117.943433
86,CabService,,,,,,27.511611,112.726555
87,CabService,,,,,,58.6842686,17.0452859
88,CabService,,,,,,38.7811142,20.7067845
89,Rental,,,,,,45.4815563,4.3637137
90,CabService,,,,,,49.9899828,18.6926323
91,Rental,,,,,,7.4854917,122.3399664
92,Rental,,,,,,15.7030403,43.6039301
93,Rental,,,,,,-7.9675496,110.3368391
94,Rental,,,,,,46.1167,3.4167
95,CabService,,,,,,55.6602448,37.5157102
96,CabService,,,,,,40.266667,72.1
97,CabService,,,,,,-25.0662897,-130.1004636
98,CabService,,,,,,55.6207919,36.5091081
99,CabService,,,,,,55.6842625,37.8548295
100,Rental,,,,,,-6.1870969,106.8655689
101,CabService,,,,,,9.97788,-84.762933
102,Rental,,,,,,28.845626,104.969882
103,CabService,,,,,,-18.3269371,29.9162276
104,CabService,,,,,,30.999016,102.363193
105,CabService,,,,,,49.5015691,23.9633999
106,Rental,,,,,,-6.8646647,107.5889804
107,CabService,,,,,,49.1169513,101.449837
108,CabService,,,,,,20.5479443,-97.4513197
109,CabService,,,,,,54.2618911,36.15775
110,CabService,,,,,,39.4753881,-8.243037
111,Rental,,,,,,8.0335995,2.4851463
112,Rental,,,,,,39.886025,20.6256658
113,CabService,,,,,,-2.688962,111.622398
114,CabService,,,,,,-7.2914614,112.6109257
115,CabService,,,,,,45.159309,14.5440221
116,Rental,,,,,,31.967678,34.993693
117,Rental,,,,,,-6.2335134,107.1071
118,CabService,,,,,,40.5567316,-8.692591
119,Rental,,,,,,46.1016128,47.7243761
120,CabService,,,,,,16.9022,121.76191
121,CabService,,,,,,9.834832,-75.120521
122,CabService,,,,,,-13.3379818,-72.0645776
123,Rental,,,,,,14.6925714,121.0468246
124,Rental,,,,,,22.920341,115.789204
125,CabService,,,,,,41.069856,124.048328
126,Rental,,,,,,-9.5295,119.2674
127,CabService,,,,,,35.025857,136.131182
128,CabService,,,,,,48.87561,2.302597
129,CabService,,,,,,29.028066,106.651361
130,Rental,,,,,,3.1523104,101.7178316
131,Rental,,,,,,53.3797233,49.5564219
132,Rental,,,,,,50.9996233,26.750679
133,CabService,,,,,,3.5144204,11.5077573
134,CabService,,,,,,42.76631,129.427066
135,Rental,,,,,,49.7722369,20.506072
136,CabService,,,,,,19.4095846,-99.1575732
137,CabService,,,,,,-8.8058,120.2258
138,CabService,,,,,,39.825495,116.288478
139,Rental,,,,,,44.2136985,3.9996505
140,CabService,,,,,,27.062407,108.739519
141,CabService,,,,,,37.7985543,139.189766
142,CabService,,,,,,22.2479136,-97.8755614
143,CabService,,,,,,42.93823,123.37082
144,Rental,,,,,,-13.54918,-71.893158
145,CabService,,,,,,53.2774963,-6.1157412
146,CabService,,,,,,37.464539,121.447852
147,Rental,,,,,,29.7136436,72.49695
148,CabService,,,,,,54.914389,85.646652
149,CabService,,,,,,36.806669,118.017938
150,CabService,,,,,,-6.4933318,106.8809319
151,CabService,,,,,,24.265926,116.081656
152,Rental,,,,,,48.0080981,6.7166698
153,Rental,,,,,,49.9257105,16.2979279
154,CabService,,,,,,38.36,-81.65
155,Rental,,,,,,17.1390992,102.9715346
156,Rental,,,,,,50.6538116,-1.1547612
157,Rental,,,,,,-7.6535289,110.6749978
158,CabService,,,,,,59.3362401,18.0232365
159,Rental,,,,,,23.124134,115.138892
160,CabService,,,,,,31.105555,111.214922
161,Rental,,,,,,53.940892,-8.9480659
162,Rental,,,,,,-30.0722165,-51.0969571
163,Rental,,,,,,26.337937,115.36319
164,CabService,,,,,,56.6628106,95.5534963
165,Rental,,,,,,59.8621021,17.6271867
166,CabService,,,,,,-7.0180991,107.7632453
167,Rental,,,,,,24.31049,116.116695
168,Rental,,,,,,52.824354,83.119824
169,Rental,,,,,,45.5535581,13.7439605
170,Rental,,,,,,50.2867981,16.0442852
171,CabService,,,,,,48.418023,23.7371118
172,CabService,,,,,,25.8006926,55.9761994
173,Rental,,,,,,31.9617032,119.5738403
174,Rental,,,,,,23.7318903,-99.1502962
175,Rental,,,,,,11.9171458,-86.1471939
176,CabService,,,,,,41.167279,-8.3704583
177,Rental,,,,,,-7.5145399,112.7330892
178,CabService,,,,,,-28.4627561,-65.780154
179,Rental,,,,,,32.7011609,-97.3354531
180,Rental,,,,,,52.2873032,76.9674023
181,CabService,,,,,,39.244385,76.499773
182,CabService,,,,,,-12.0560257,-77.0844226
183,Rental,,,,,,35.3364517,-97.6222665
184,Rental,,,,,,9.0912455,-79.409706
185,Rental,,,,,,41.6020598,-87.4108352
186,Rental,,,,,,-33.5215632,-53.3664818
187,Rental,,,,,,17.7409147,-91.7660525
188,Rental,,,,,,29.601192,103.565191
189,Rental,,,,,,43.3986916,142.1799102
190,CabService,,,,,,23.9211737,-106.8915948
191,CabService,,,,,,41.6445836,0.587269
192,Rental,,,,,,-10.5676,121.9306
193,Rental,,,,,,-7.4417327,111.1056539
194,CabService,,,,,,30.574474,103.923651
195,Rental,,,,,,13.932401,46.0801697
196,CabService,,,,,,46.5838069,0.3350126
197,Rental,,,,,,25.112046,99.161761
198,CabService,,,,,,32.874735,117.531622
199,Rental,,,,,,-5.5169316,120.0202964
200,Rental,,,,,,18.7597777,-69.0362184
201,Rental,,,,,,49.6669762,25.7723085
202,Rental,,,,,,16.7690892,120.3353957
203,Rental,,,,,,-8.3010912,112.1489829
204,Rental,,,,,,34.728584,112.132488
205,CabService,,,,,,2.9716241,45.5334515
206,CabService,,,,,,19.782027,-99.0598732
207,CabService,,,,,,-27.4561199,-53.9288773
208,Rental,,,,,,27.456658,112.175245
209,CabService,,,,,,47.0170479,-68.1430238
210,Rental,,,,,,51.4617501,20.9131216
211,Rental,,,,,,55.024145,30.8005553
212,CabService,,,,,,48.9014667,37.0181437
213,Rental,,,,,,59.1201253,37.9014795
214,Rental,,,,,,-5.5850343,-39.3708321
215,Rental,,,,,,43.6410973,51.1985113
216,CabService,,,,,,46.0565579,15.6625947
217,CabService,,,,,,1.5073967,21.0728664
218,CabService,,,,,,14.6055216,121.1174129
219,CabService,,,,,,36.7333193,9.1843676
220,Rental,,,,,,52.1379258,21.828508
221,Rental,,,,,,49.7624347,19.0904515
222,CabService,,,,,,33.8752935,-117.5664384
223,Rental,,,,,,34.3827,8.15549
224,CabService,,,,,,-6.5554802,106.7246239
225,Rental,,,,,,32.016539,35.068807
226,CabService,,,,,,14.5618599,121.0130439
227,CabService,,,,,,-6.427987,110.9561
228,CabService,,,,,,-24.30724,29.51076
229,Rental,,,,,,-21.2001343,24.8656498
230,CabService,,,,,,59.5891945,16.5104253
231,Rental,,,,,,14.6035421,121.0245782
232,CabService,,,,,,-17.566223,-63.2238376
233,CabService,,,,,,28.2123183,-80.6720617
234,Rental,,,,,,44.9326194,4.8713543
235,CabService,,,,,,30.385605,116.96943
236,CabService,,,,,,43.275207,1.9452714
237,Rental,,,,,,38.7157106,-9.3069187
238,CabService,,,,,,51.9601912,7.5468477
239,Rental,,,,,,32.2875125,105.5230659
240,CabService,,,,,,33.6634952,112.6061178
241,Rental,,,,,,-34.6558079,-58.3734773
242,Rental,,,,,,-13.7994093,-171.8556172
243,CabService,,,,,,11.3861374,12.7199759
244,Rental,,,,,,33.347316,120.16366
245,Rental,,,,,,-7.6469193,112.8999225
246,CabService,,,,,,16.5,121.2666702
247,CabService,,,,,,-4.0620941,-78.948623
248,CabService,,,,,,-9.9275387,124.2254855
249,Rental,,,,,,-7.8111719,110.3979074
250,CabService,,,,,,32.096344,118.909159
251,Rental,,,,,,34.7720133,32.4297369
252,CabService,,,,,,43.363668,88.311099
253,CabService,,,,,,-22.9972026,-47.512814
254,CabService,,,,,,0.393611,34.305278
255,Rental,,,,,,54.4026022,22.0193739
256,Rental,,,,,,-7.5330309,-46.035885
257,CabService,,,,,,51.5649604,32.9549585
258,Rental,,,,,,24.44218,114.938684
259,CabService,,,,,,29.090585,21.3321974
260,CabService,,,,,,40.4187499,20.5535753
261,CabService,,,,,,30.531919,117.115101
262,Rental,,,,,,-7.221562,111.759598
263,CabService,,,,,,-7.4704747,112.4401329
264,CabService,,,,,,-8.5039043,115.0258394
265,Rental,,,,,,59.2552832,17.847373
266,CabService,,,,,,60.6204071,25.8776098
267,CabService,,,,,,55.5305674,41.1014277
268,CabService,,,,,,-10.1082359,123.7727229
269,CabService,,,,,,-6.2176613,106.8679827
270,CabService,,,,,,34.5553494,69.207486
271,CabService,,,,,,36.377539,119.757032
272,CabService,,,,,,41.7396715,-85.9262162
273,CabService,,,,,,-21.4803962,-56.1494143
274,Rental,,,,,,-6.4185424,106.8502879
275,Rental,,,,,,37.6410379,-7.6589255
276,CabService,,,,,,-6.6913793,111.0892601
277,Rental,,,,,,55.985,22.91889
278,CabService,,,,,,-20.5842082,-63.8950786
279,Rental,,,,,,9.7016493,-84.1005807
280,CabService,,,,,,-17.6091383,-66.0255368
281,Rental,,,,,,-8.2919428,123.2254725
282,Rental,,,,,,53.0475258,90.944621
283,Rental,,,,,,67.6955232,24.8590222
284,CabService,,,,,,38.290338,-8.2274142
285,Rental,,,,,,12.0675239,123.7223625
286,Rental,,,,,,20.8965838,-105.4093552
287,Rental,,,,,,-7.1928,108.6334
288,CabService,,,,,,26.263406,117.638678
289,CabService,,,,,,46.900546,124.214976
290,CabService,,,,,,-8.2154626,115.376643
291,CabService,,,,,,48.7114913,23.1850055
292,CabService,,,,,,14.9163748,-23.6040974
293,Rental,,,,,,11.1179302,123.0099723
294,Rental,,,,,,-34.6091049,-58.7005845
295,Rental,,,,,,29.655143,121.406995
296,Rental,,,,,,13.6095632,123.5359174
297,CabService,,,,,,26.444341,115.699778
298,CabService,,,,,,39.886547,116.989574
299,CabService,,,,,,-23.8879561,35.3959879
300,Rental,,,,,,-5.3629365,39.6526462
301,CabService,,,,,,38.2019852,-7.7430854
302,CabService,,,,,,-6.8618504,111.971625
303,CabService,,,,,,-32.8842032,-68.7998021
304,CabService,,,,,,-34.7264519,-58.6055652
305,Rental,,,,,,32.9578909,-102.8518139
306,Rental,,,,,,41.0923609,20.1563519
307,Rental,,,,,,-6.8982,113.1705
308,Rental,,,,,,-8.8071005,116.8174054
309,Rental,,,,,,13.1916462,-59.5800813
310,Rental,,,,,,50.0385516,14.0470364
311,Rental,,,,,,31.932456,98.425168
312,Rental,,,,,,21.0256819,106.9983133
313,CabService,,,,,,-26.0798,27.72907
314,Rental,,,,,,-9.6447416,124.779603
315,Rental,,,,,,-32.947692,-60.6743215
316,CabService,,,,,,8.8876607,-79.6421415
317,Rental,,,,,,23.021478,113.121435
318,CabService,,,,,,3.5005598,98.8942082
319,Rental,,,,,,15.2939516,-87.8501554
320,Rental,,,,,,51.2845164,37.7994394
321,CabService,,,,,,35.777346,115.074151
322,CabService,,,,,,1.350933,-77.52387
323,CabService,,,,,,37.38198,117.970699
324,CabService,,,,,,4.336584,-75.702412
325,Rental,,,,,,29.046337,93.074702
326,Rental,,,,,,-6.8089753,106.493598
327,Rental,,,,,,45.536587,19.150386
328,Rental,,,,,,38.8943618,-77.04997
329,CabService,,,,,,-21.4909206,-47.37045
330,CabService,,,,,,-33.3077816,-66.328463
331,Rental,,,,,,-13.47751,-70.414047
332,Rental,,,,,,-9.7413641,-36.4580775
333,Rental,,,,,,58.9195438,17.9393289
334,CabService,,,,,,45.521519,3.5276642
335,CabService,,,,,,14.11684,-86.355797
336,Rental,,,,,,-7.45,108.033333
337,CabService,,,,,,32.235967,110.227954
338,CabService,,,,,,11.0849336,39.7291837
339,Rental,,,,,,38.7683879,139.9177739
340,CabService,,,,,,37.868872,116.144417
341,Rental,,,,,,29.795049,93.850039
342,Rental,,,,,,51.5111902,16.263731
343,Rental,,,,,,50.0920849,29.5436691
344,Rental,,,,,,28.228209,112.938814
345,CabService,,,,,,57.8754385,34.068866
346,Rental,,,,,,52.0402452,33.9293828
347,Rental,,,,,,51.725198,75.3150685
348,Rental,,,,,,48.5497476,26.4913564
349,Rental,,,,,,45.1253665,42.0223291
350,CabService,,,,,,30.511343,-9.6536246
351,CabService,,,,,,-8.6060882,116.1114976
352,CabService,,,,,,49.0965676,-117.71173
353,Rental,,,,,,38.5574091,-121.4848927
354,CabService,,,,,,50.0248149,20.6621099
355,Rental,,,,,,-7.1765167,-47.2923893
356,Rental,,,,,,8.2825028,124.711647
357,CabService,,,,,,13.6808985,99.4484062
358,Rental,,,,,,8.3804095,124.2716911
359,CabService,,,,,,53.9266,31.4779
360,Rental,,,,,,40.3942118,44.6854034
361,Rental,,,,,,-11.7659957,-75.4723411
362,Rental,,,,,,37.38198,117.970699
363,Rental,,,,,,48.9802395,2.612562
364,CabService,,,,,,50.5878419,13.8083154
365,CabService,,,,,,32.30798,35.16593
366,Rental,,,,,,30.741203,121.300071
367,Rental,,,,,,30.067176,120.700248
368,CabService,,,,,,30.9049366,52.6921001
369,Rental,,,,,,38.5385973,-121.6954666
370,CabService,,,,,,30.656037,117.489156
371,CabService,,,,,,52.804249,6.186692
372,CabService,,,,,,22.3577742,103.2493721
373,Rental,,,,,,-11.7956851,-37.9447996
374,Rental,,,,,,-6.3474028,106.6825417
375,CabService,,,,,,30.7998721,103.8280655
376,CabService,,,,,,52.4934588,82.7806142
377,Rental,,,,,,49.0410029,16.9171327
378,Rental,,,,,,14.49393,-90.7090795
379,Rental,,,,,,23.35329,112.339444
380,Rental,,,,,,20.1566488,-76.947022
381,CabService,,,,,,-23.5297232,-47.1947232
382,Rental,,,,,,42.0040445,21.3760767
383,Rental,,,,,,18.4670158,-69.8932436
384,CabService,,,,,,30.2733296,120.1672735
385,CabService,,,,,,9.47417,-78.96667
386,Rental,,,,,,42.901533,125.136451
387,CabService,,,,,,22.3154812,89.1114525
388,Rental,,,,,,55.9905778,92.7620647
389,CabService,,,,,,12.0718334,1.7879685
390,Rental,,,,,,59.3409179,18.0754478
391,CabService,,,,,,14.0707852,120.7601581
392,CabService,,,,,,47.785421,-3.2602564
393,Rental,,,,,,41.6252602,48.6763991
394,CabService,,,,,,7.156124,79.949646
395,CabService,,,,,,42.99082,46.632565
396,Rental,,,,,,-9.3601019,-77.553344
397,CabService,,,,,,43.7441795,2.511999
398,CabService,,,,,,12.9229652,13.5639377
399,CabService,,,,,,-7.7546,114.0625
400,Rental,,,,,,44.533814,86.325054
401,Rental,,,,,,49.9260217,18.270174
402,CabService,,,,,,51.2358934,23.5939963
403,Rental,,,,,,30.8851314,-9.0439796
404,Rental,,,,,,36.728017,10.8536132
405,CabService,,,,,,41.9720786,-87.7517295
406,Rental,,,,,,14.082769,98.193961
407,CabService,,,,,,30.520783,120.145342
408,Rental,,,,,,37.6583599,126.8320201
409,CabService,,,,,,63.3568009,27.755804
410,Rental,,,,,,31.642718,105.170845
411,Rental,,,,,,22.5676118,114.1176652
412,Rental,,,,,,51.378691,21.3788326
413,Rental,,,,,,13.5712781,-15.3262905
414,CabService,,,,,,34.10885,-118.2234229
415,Rental,,,,,,34.151624,109.323479
416,CabService,,,,,,39.9041999,116.4073963
417,CabService,,,,,,39.609342,112.365875
418,CabService,,,,,,47.92681,106.9150401
419,CabService,,,,,,-8.781999,36.3608819
420,Rental,,,,,,50.0231437,14.4142733
421,Rental,,,,,,32.2342478,-111.0033984
422,Rental,,,,,,50.817118,18.880399
423,Rental,,,,,,5.31494,95.9706
424,Rental,,,,,,54.2907459,47.3722118
425,Rental,,,,,,32.9271287,66.1415263
426,CabService,,,,,,39.7007906,140.9596925
427,CabService,,,,,,38.4499141,141.3800956
428,Rental,,,,,,-19.9454604,-43.4876311
429,Rental,,,,,,-8.639266,122.281829
430,Rental,,,,,,57.6902027,11.9070339
431,CabService,,,,,,45.4693392,-73.4848038
432,Rental,,,,,,-6.9918507,106.5878723
433,Rental,,,,,,42.891255,129.508945
434,CabService,,,,,,54.0083923,18.7471205
435,CabService,,,,,,-8.3628,123.3026
436,CabService,,,,,,14.6291868,121.0893745
437,CabService,,,,,,-3.112524,115.0406679
438,Rental,,,,,,55.49567,38.65064
439,Rental,,,,,,7.9855625,125.1375831
440,Rental,,,,,,34.995728,104.655337
441,Rental,,,,,,55.900378,37.387813
442,CabService,,,,,,20.044412,110.198286
443,CabService,,,,,,37.5599805,127.0051893
444,Rental,,,,,,8.3793172,124.8830509
445,Rental,,,,,,10.2600338,123.958258
446,Rental,,,,,,46.2961712,14.8062347
447,Rental,,,,,,28.369399,116.546998
448,Rental,,,,,,40.7111516,-8.3715201
449,Rental,,,,,,41.1645867,-7.7937927
450,Rental,,,,,,7.8086531,-80.2711588
451,Rental,,,,,,50.3485458,39.6505372
452,Rental,,,,,,41.56,-73.05
453,CabService,,,,,,-27.8846801,25.1533426
454,CabService,,,,,,27.951331,92.009188
455,Rental,,,,,,40.417358,117.500558
456,Rental,,,,,,-8.6610802,115.2431682
457,Rental,,,,,,42.0480121,-8.3359459
458,CabService,,,,,,-6.4306844,106.7175669
459,CabService,,,,,,-8.2660783,-77.8524505
460,CabService,,,,,,6.2894715,8.8803925
461,CabService,,,,,,-6.2078779,106.8333249
462,CabService,,,,,,14.156592,122.830067
463,CabService,,,,,,-4.5329418,105.2077798
464,CabService,,,,,,39.109563,117.223371
465,Rental,,,,,,55.662882,37.5826719
466,Rental,,,,,,51.6561,35.9314
467,Rental,,,,,,34.6911,106.221144
468,Rental,,,,,,-19.5354306,45.4615785
469,Rental,,,,,,43.32756,76.840271
470,Rental,,,,,,-8.8043,121.5146
471,Rental,,,,,,-6.8380439,111.4901903
472,Rental,,,,,,1.8372299,73.5049293
473,Rental,,,,,,44.7051702,18.3104025
474,CabService,,,,,,-2.3496095,29.7512903
475,CabService,,,,,,55.9186612,59.9854105
476,CabService,,,,,,45.01,-93.65
477,Rental,,,,,,53.3122864,-6.336393
478,CabService,,,,,,-8.8165,116.5307
479,Rental,,,,,,40.74,-74.17
480,Rental,,,,,,21.918725,111.053561
481,Rental,,,,,,-23.3866812,-48.7218983
482,CabService,,,,,,0.4568473,101.4046099
483,CabService,,,,,,-33.1228052,-58.2975552
484,CabService,,,,,,53.36117,14.8784944
485,Rental,,,,,,14.5643332,121.1334952
486,CabService,,,,,,24.31049,116.116695
487,Rental,,,,,,-13.4605423,24.9932143
488,CabService,,,,,,31.540397,118.486745
489,Rental,,,,,,41.0610542,24.9613827
490,Rental,,,,,,39.672791,113.732809
491,CabService,,,,,,-8.3980126,117.1470637
492,CabService,,,,,,44.18333,15.65
493,CabService,,,,,,32.687733,112.087455
494,Rental,,,,,,51.3842543,58.9999439
495,CabService,,,,,,38.3628307,-0.5210565
496,CabService,,,,,,16.0271237,-3.9878427
497,CabService,,,,,,24.025746,108.355335
498,Rental,,,,,,29.509067,110.300741
499,Rental,,,,,,-8.0057853,112.7621319
500,CabService,,,,,,31.775967,111.846264
501,CabService,,,,,,38.0244455,140.0946079
502,CabService,,,,,,17.5358596,121.6851715
503,Rental,,,,,,59.8505671,17.6418492
504,CabService,,,,,,54.6312426,18.3642669
505,CabService,,,,,,29.8677682,67.3202088
506,CabService,,,,,,45.9184314,40.1587542
507,Rental,,,,,,45.97927,-81.9248
508,Rental,,,,,,49.871007,17.8758236
509,CabService,,,,,,58.9918209,55.1890813
510,Rental,,,,,,37.444498,114.498761
511,CabService,,,,,,47.7016459,37.4209877
512,Rental,,,,,,8.0708562,125.9551406
513,Rental,,,,,,42.65,103.8
514,CabService,,,,,,28.260189,117.069202
515,Rental,,,,,,36.494677,117.694692
516,Rental,,,,,,33.844582,115.778676
517,Rental,,,,,,-26.8191146,-55.0182151
518,CabService,,,,,,55.4602073,50.1454514
519,Rental,,,,,,9.5279875,31.6682347
520,Rental,,,,,,35.585575,119.761775
521,Rental,,,,,,56.232836,43.8367278
522,CabService,,,,,,-29.4799379,-51.7994632
523,Rental,,,,,,21.1078535,-101.694732
524,CabService,,,,,,49.7634887,129.7905786
525,CabService,,,,,,28.2279,118.036796
526,Rental,,,,,,37.2512312,21.6694441
527,CabService,,,,,,56.4342328,37.1584572
528,CabService,,,,,,42.2971095,-71.4720787
529,Rental,,,,,,44.0698918,22.0985086
530,Rental,,,,,,57.6624125,14.7061761
531,Rental,,,,,,48.7724625,2.2161608
532,CabService,,,,,,38.7519042,-9.4389381
533,Rental,,,,,,48.294118,4.0675057
534,Rental,,,,,,21.918203,110.853299
535,CabService,,,,,,-29.6509722,-50.7757844
536,CabService,,,,,,28.80901,120.26121
537,Rental,,,,,,51.0845418,13.6458926
538,Rental,,,,,,59.3289759,18.0651149
539,CabService,,,,,,13.1314524,102.2104821
540,CabService,,,,,,44.1675867,2.0308233
541,CabService,,,,,,10.2166111,-83.7819816
542,CabService,,,,,,6.2245859,101.8109253
543,CabService,,,,,,37.8334351,23.802873
544,CabService,,,,,,45.33333,97.98333
545,Rental,,,,,,41.0753802,-8.1202831
546,Rental,,,,,,32.8335722,35.9642215
547,Rental,,,,,,44.3338201,85.6264576
548,Rental,,,,,,-18.0065679,-70.2462741
549,Rental,,,,,,28.3683182,83.2934086
550,CabService,,,,,,7.7688818,125.8239543
551,CabService,,,,,,10.3827887,-9.3118282
552,Rental,,,,,,-6.9888,113.0036
553,Rental,,,,,,50.8075698,21.8528832
554,CabService,,,,,,30.274084,120.15507
555,CabService,,,,,,14.2512158,121.0499837
556,CabService,,,,,,-5.018945,119.572183
557,Rental,,,,,,18.0616657,37.8087693
558,CabService,,,,,,-22.6053393,-46.914966
559,Rental,,,,,,59.85299,30.245977
560,CabService,,,,,,16.2725431,107.9394761
561,Rental,,,,,,27.481873,88.907258
562,CabService,,,,,,49.059828,6.154795
563,Rental,,,,,,-14.65067,-75.0634
564,CabService,,,,,,17.1333332,122.1333313
565,CabService,,,,,,46.1223915,-74.5838514
566,Rental,,,,,,-7.0309341,107.4035157
567,CabService,,,,,,13.204053,108.2080973
568,Rental,,,,,,9.618277,123.477572
569,Rental,,,,,,58.4172101,15.6066694
570,CabService,,,,,,24.723961,116.732091
571,CabService,,,,,,7.9107391,98.3337983
572,CabService,,,,,,50.3257904,19.0018119
573,Rental,,,,,,-34.6126133,-58.5677879
574,CabService,,,,,,14.1967923,121.4019727
575,Rental,,,,,,10.5082417,12.3306392
576,Rental,,,,,,29.461194,110.152436
577,CabService,,,,,,34.26645,108.960747
578,CabService,,,,,,10.5280095,106.4994889
579,Rental,,,,,,43.438342,126.330439
580,CabService,,,,,,57.7306723,12.0586546
581,Rental,,,,,,10.4597466,-66.5581092
582,CabService,,,,,,34.759314,108.992603
583,Rental,,,,,,38.683885,-8.6109719
584,CabService,,,,,,32.010214,119.606439
585,CabService,,,,,,30.172782,111.0765
586,CabService,,,,,,43.899227,-79.273304
587,Rental,,,,,,39.221631,97.971276
588,CabService,,,,,,-18.9732399,-40.7361322
589,Rental,,,,,,44.5652451,17.5341531
590,CabService,,,,,,25.8626983,69.1193694
591,CabService,,,,,,22.543096,114.057865
592,Rental,,,,,,59.2421439,14.2330452
593,Rental,,,,,,30.823054,110.973252
594,CabService,,,,,,41.4043131,-8.233117
595,CabService,,,,,,41.0640026,25.6858475
596,CabService,,,,,,37.9346483,22.8455989
597,CabService,,,,,,-34.8411832,-58.4389753
598,Rental,,,,,,-8.0075658,-35.0221895
599,Rental,,,,,,33.347316,120.16366
600,Rental,,,,,,50.1369112,-96.8791564
601,CabService,,,,,,22.2866176,114.148724
602,Rental,,,,,,-2.688962,111.622398
603,Rental,,,,,,32.00018,35.28152
604,CabService,,,,,,43.4945737,5.8978018
605,CabService,,,,,,-6.6111441,106.8473377
606,Rental,,,,,,2.481207,-76.6990172
607,CabService,,,,,,32.629398,110.798266
608,CabService,,,,,,59.4369608,24.7535747
609,Rental,,,,,,31.385848,94.427663
610,CabService,,,,,,-7.7701645,110.6511592
611,CabService,,,,,,47.9195813,106.9211984
612,CabService,,,,,,27.100102,68.3711064
613,CabService,,,,,,-6.7062035,111.1518552
614,Rental,,,,,,16.67064,121.71581
615,CabService,,,,,,44.8855006,1.2172257
616,Rental,,,,,,46.5641539,16.443954
617,Rental,,,,,,48.4242028,142.0863655
618,CabService,,,,,,-6.9322,113.0284
619,Rental,,,,,,49.902219,20.636949
620,Rental,,,,,,9.562371,118.439613
621,Rental,,,,,,9.2633053,-75.1927805
622,Rental,,,,,,14.3679657,121.0504535
623,CabService,,,,,,16.4267638,103.1048449
624,CabService,,,,,,49.9451487,29.4560736
625,Rental,,,,,,-17.0806813,-40.9387356
626,Rental,,,,,,-34.5128294,-58.5125025
627,CabService,,,,,,32.0302286,-6.7969224
628,CabService,,,,,,23.090823,113.74595
629,Rental,,,,,,54.2223118,-10.0320886
630,Rental,,,,,,12.4896877,106.0287512
631,Rental,,,,,,11.6155109,104.3791912
632,CabService,,,,,,31.364902,108.249509
633,Rental,,,,,,49.8417042,5.1214901
634,Rental,,,,,,16.0765691,97.5843171
635,CabService,,,,,,6.9815445,80.7647336
636,CabService,,,,,,38.3628307,-0.5210565
637,Rental,,,,,,23.674387,116.628627
638,Rental,,,,,,40.5369108,21.2582079
639,CabService,,,,,,51.90218,19.6055101
640,CabService,,,,,,53.180879,17.0835566
641,Rental,,,,,,58.5594907,15.282715
642,Rental,,,,,,46.2003906,14.5829648
643,Rental,,,,,,50.0384685,22.0969371
644,CabService,,,,,,43.4945737,5.8978018
645,Rental,,,,,,-9.6996,119.436
646,Rental,,,,,,-6.9662696,107.4492746
647,Rental,,,,,,36.557474,116.747092
648,CabService,,,,,,45.161017,1.663862
649,Rental,,,,,,40.211932,-8.8417565
650,CabService,,,,,,46.9792838,35.4217024
651,Rental,,,,,,-21.357789,-46.1496185
652,CabService,,,,,,42.12215,60.06276
653,CabService,,,,,,37.515114,103.575676
654,CabService,,,,,,-7.0626852,107.0663524
655,Rental,,,,,,39.618462,113.536462
656,Rental,,,,,,49.6617223,22.1053444
657,CabService,,,,,,33.0517157,68.0149609
658,CabService,,,,,,31.032243,121.227747
659,Rental,,,,,,8.920465,125.008956
660,CabService,,,,,,56.0956089,27.532459
661,CabService,,,,,,14.4612646,100.5577407
662,CabService,,,,,,43.6777677,7.1492431
663,CabService,,,,,,7.467576,124.253569
664,CabService,,,,,,50.8137495,-119.6934422
665,CabService,,,,,,1.0725136,121.499885
666,Rental,,,,,,30.671701,-96.3438274
667,CabService,,,,,,44.849143,34.3106713
668,Rental,,,,,,48.816388,44.4777899
669,CabService,,,,,,58.9195438,17.9393289
670,Rental,,,,,,-7.0416627,110.3998007
671,Rental,,,,,,-33.0482707,-71.4408752
672,CabService,,,,,,39.61335,-8.9519943
673,Rental,,,,,,17.9567646,-102.1943485
674,CabService,,,,,,52.3468215,21.2540462
675,CabService,,,,,,27.4378935,30.8162909
676,CabService,,,,,,37.365238,120.44763
677,CabService,,,,,,36.276526,109.351019
678,CabService,,,,,,31.762742,120.113289
679,CabService,,,,,,-9.1896778,-77.7130151
680,Rental,,,,,,-34.5484605,-58.5717015
681,CabService,,,,,,54.2490828,18.8664712
682,Rental,,,,,,-9.922886,38.328209
683,Rental,,,,,,51.6984754,20.934244
684,Rental,,,,,,4.0568941,96.2468873
685,CabService,,,,,,12.50337,124.286825
686,CabService,,,,,,-23.9793102,-48.8768997
687,Rental,,,,,,49.2696303,98.9929867
688,CabService,,,,,,42.896428,130.585349
689,Rental,,,,,,48.7277622,100.7724281
690,CabService,,,,,,8.7814708,167.7373396
691,Rental,,,,,,38.02,-122.55
692,CabService,,,,,,0.5142775,35.2697802
693,CabService,,,,,,32.244032,35.064616
694,CabService,,,,,,49.9792606,15.2092621
695,Rental,,,,,,-29.3652193,-51.9580164
696,CabService,,,,,,6.9955119,79.882999
697,CabService,,,,,,9.297858,-64.3490085
698,CabService,,,,,,43.7190199,44.4852966
699,CabService,,,,,,-24.30724,29.51076
700,CabService,,,,,,49.8279218,22.3924149
701,CabService,,,,,,37.0741297,-8.8436815
702,Rental,,,,,,13.918464,-90.872553
703,CabService,,,,,,36.065787,139.5560067
704,CabService,,,,,,40.824367,119.837124
705,Rental,,,,,,-23.8714093,-49.8024588
706,Rental,,,,,,10.9578957,-3.2432781
707,CabService,,,,,,46.8538849,38.4738904
708,CabService,,,,,,32.730304,129.8728011
709,CabService,,,,,,27.4583303,120.3078508
710,CabService,,,,,,60.4136423,44.2412709
711,CabService,,,,,,1.05,118.8
712,CabService,,,,,,43.4945737,5.8978018
713,Rental,,,,,,23.883531,110.666614
714,CabService,,,,,,35.23369,11.1107854
715,CabService,,,,,,30.42594,111.76053
716,CabService,,,,,,-3.3728836,29.1448793
717,Rental,,,,,,33.5610062,130.5635665
718,Rental,,,,,,-20.2384864,47.375551
719,CabService,,,,,,15.30487,47.83894
720,CabService,,,,,,27.9890156,-81.6802054
721,Rental,,,,,,-3.361378,29.3598782
722,Rental,,,,,,14.5353294,121.023576
723,Rental,,,,,,40.083782,112.832566
724,Rental,,,,,,19.5889431,96.2595008
725,Rental,,,,,,51.2688569,22.636336
726,Rental,,,,,,31.5547633,-84.06035
727,CabService,,,,,,43.1627276,45.6198851
728,CabService,,,,,,44.9447526,4.8413855
729,CabService,,,,,,29.528923,104.990101
730,CabService,,,,,,46.689671,126.11386
731,CabService,,,,,,22.826877,107.840624
732,Rental,,,,,,8.7078954,-76.0391909
733,CabService,,,,,,31.85932,105.754223
734,Rental,,,,,,-6.9841118,111.7048262
735,CabService,,,,,,33.551052,119.113185
736,CabService,,,,,,13.2409585,123.7750159
737,CabService,,,,,,43.6709677,26.7336839
738,Rental,,,,,,38.453095,114.600138
739,Rental,,,,,,-6.1519535,106.4302811
740,Rental,,,,,,-7.4832133,109.140438
741,Rental,,,,,,48.1875683,17.0216706
742,CabService,,,,,,35.3237104,33.3149413
743,CabService,,,,,,-7.8305129,112.0192359
744,CabService,,,,,,26.08603,119.3028774
745,CabService,,,,,,55.0285129,82.9202027
746,Rental,,,,,,41.781418,82.502677
747,CabService,,,,,,51.3704296,16.9606267
748,Rental,,,,,,43.5661719,43.4895256
749,CabService,,,,,,-34.6342051,-58.4349355
750,Rental,,,,,,38.8611918,65.7847269
751,CabService,,,,,,36.5003488,36.5999443
752,Rental,,,,,,-25.4645818,-56.013851
753,Rental,,,,,,16.9296881,-89.8909572
754,CabService,,,,,,-27.36667,26.63056
755,CabService,,,,,,48.9776522,17.7311963
756,Rental,,,,,,27.8145109,128.9093866
757,Rental,,,,,,43.5211998,16.5578656
758,CabService,,,,,,12.1224221,-68.8824233
759,CabService,,,,,,-36.999012,174.876524
760,CabService,,,,,,47.440449,19.1700809
761,CabService,,,,,,41.2476037,-8.2430831
762,CabService,,,,,,36.041695,14.220356
763,Rental,,,,,,41.057857,23.6514405
764,CabService,,,,,,38.03,106.317671
765,CabService,,,,,,36.533333,69.016667
766,Rental,,,,,,51.0389656,21.0648754
767,Rental,,,,,,32.5571916,-84.9047641
768,CabService,,,,,,25.671402,104.260115
769,Rental,,,,,,7.20312,124.796217
770,Rental,,,,,,-4.2141655,142.8151948
771,Rental,,,,,,-3.680412,-79.6825275
772,CabService,,,,,,27.791393,110.864121
773,Rental,,,,,,-7.0715432,111.9758606
774,Rental,,,,,,22.9550072,113.0126011
775,CabService,,,,,,14.6701,121.108226
776,CabService,,,,,,10.5353285,107.4055814
777,CabService,,,,,,52.0267944,20.9513034
778,Rental,,,,,,48.9969392,31.4022422
779,CabService,,,,,,56.5201848,34.9410177
780,Rental,,,,,,38.6125141,-9.0820766
781,Rental,,,,,,3.5722301,98.6963584
782,CabService,,,,,,49.4709886,6.3640878
783,CabService,,,,,,41.833253,20.974874
784,CabService,,,,,,45.70734,5.534063
785,Rental,,,,,,32.19537,130.02554
786,Rental,,,,,,20.3983828,104.2293297
787,Rental,,,,,,50.24417,21.77627
788,Rental,,,,,,-7.2120117,111.692902
789,Rental,,,,,,51.2409432,33.2050521
790,CabService,,,,,,44.17893,43.4910283
791,Rental,,,,,,51.2409432,33.2050521
792,CabService,,,,,,39.8575426,-8.9052093
793,CabService,,,,,,18.2618642,-73.54837
794,Rental,,,,,,5.329576,103.1369108
795,CabService,,,,,,14.4223149,-16.702825
796,Rental,,,,,,41.7555687,42.8315218
797,CabService,,,,,,-6.9472168,107.3109745
798,Rental,,,,,,35.8875,14.51694
799,Rental,,,,,,19.5797297,-72.1697501
800,CabService,,,,,,-6.2266758,106.8104633
801,Rental,,,,,,29.423417,116.991463
802,Rental,,,,,,57.6888453,11.9943311
803,Rental,,,,,,-5.7306487,-44.7756422
804,CabService,,,,,,-13.7968333,-39.465738
805,Rental,,,,,,24.8697215,89.3700108
806,Rental,,,,,,39.9793657,-75.1253492
807,CabService,,,,,,13.6868427,-14.8797594
808,CabService,,,,,,50.2997788,15.865081
809,CabService,,,,,,39.9880319,23.6140148
810,Rental,,,,,,61.8099494,30.9377106
811,CabService,,,,,,9.537917,-79.058693
812,Rental,,,,,,6.4675486,124.8060125
813,Rental,,,,,,48.6482135,34.336891
814,CabService,,,,,,40.508339,79.047291
815,Rental,,,,,,40.479174,22.4845811
816,Rental,,,,,,14.9242794,-91.5431764
817,Rental,,,,,,39.029567,117.661082
818,CabService,,,,,,0.76202,127.32015
819,Rental,,,,,,23.337683,112.674488
820,Rental,,,,,,-0.272699,36.3775152
821,CabService,,,,,,39.0369331,-9.1809626
822,Rental,,,,,,39.500179,118.874552
823,CabService,,,,,,-8.4709546,118.8276355
824,CabService,,,,,,13.932401,46.0801697
825,Rental,,,,,,52.704412,44.5519415
826,Rental,,,,,,43.6410973,51.1985113
827,Rental,,,,,,8.6881283,-12.5355393
828,Rental,,,,,,31.2221,121.457658
829,Rental,,,,,,-12.7398884,-60.1422676
830,CabService,,,,,,26.3358903,127.875104
831,CabService,,,,,,50.3068281,22.5169584
832,Rental,,,,,,46.8087637,1.6937962
833,Rental,,,,,,32.068424,34.824785
834,Rental,,,,,,51.8862378,-8.4824714
835,CabService,,,,,,-29.5904737,-51.3738524
836,CabService,,,,,,20.1591959,-100.5064114
837,CabService,,,,,,25.994869,111.984823
838,Rental,,,,,,44.1675867,2.0308233
839,CabService,,,,,,46.7593351,103.5184746
840,Rental,,,,,,31.558471,118.844538
841,Rental,,,,,,59.4310564,26.2664249
842,Rental,,,,,,63.6939838,22.7427761
843,CabService,,,,,,-5.1734862,105.1990045
844,CabService,,,,,,49.8958515,18.8188681
845,Rental,,,,,,-8.8230363,121.9373561
846,Rental,,,,,,-20.5501168,46.8010727
847,CabService,,,,,,46.388909,14.1071599
848,CabService,,,,,,-5.383454,25.7456852
849,Rental,,,,,,15.596502,-87.9432837
850,Rental,,,,,,5.8833366,118.0357162
851,Rental,,,,,,43.7477413,39.5308638
852,Rental,,,,,,27.976295,104.319304
853,CabService,,,,,,50.994689,-0.964804
854,Rental,,,,,,54.11285,33.29648
855,Rental,,,,,,51.8910459,-8.4242597
856,Rental,,,,,,50.9218266,19.3568903
857,CabService,,,,,,-23.2251621,-45.8861749
858,Rental,,,,,,9.0651,123.0524
859,CabService,,,,,,-30.6732959,-51.4052742
860,CabService,,,,,,32.993182,110.425983
861,Rental,,,,,,54.0297214,28.0892299
862,CabService,,,,,,9.9037751,4.4053497
863,CabService,,,,,,35.810038,111.379101
864,Rental,,,,,,50.03332,-113.58524
865,Rental,,,,,,43.2311668,44.6420273
866,CabService,,,,,,51.5742615,5.0840393
867,CabService,,,,,,14.3330959,-91.0245073
868,Rental,,,,,,52.406614,22.2424971
869,CabService,,,,,,7.073684,124.720103
870,CabService,,,,,,26.5324775,53.9867949
871,CabService,,,,,,16.1525,36.2032
872,Rental,,,,,,-8.4699,121.2227
873,Rental,,,,,,21.1753431,105.7308045
874,Rental,,,,,,32.147679,114.091192
875,Rental,,,,,,8.5052219,125.9753765
876,CabService,,,,,,34.7836044,113.6738442
877,Rental,,,,,,46.8464389,106.215698
878,CabService,,,,,,13.9483457,100.791665
879,Rental,,,,,,-5.98978,-37.9466737
880,CabService,,,,,,-21.7668575,-52.1096427
881,CabService,,,,,,22.801624,113.525165
882,Rental,,,,,,32.8901015,72.8009248
883,Rental,,,,,,59.1536477,10.2212404
884,Rental,,,,,,11.3675415,106.1192802
885,CabService,,,,,,19.4458447,-99.1497664
886,Rental,,,,,,53.2060963,5.7524581
887,Rental,,,,,,-31.3644769,23.9179589
888,CabService,,,,,,59.4060153,17.917129
889,CabService,,,,,,50.3844613,13.1712929
890,Rental,,,,,,15.1398293,-88.6714295
891,Rental,,,,,,52.3366443,20.941429
892,Rental,,,,,,54.3817334,18.2912258
893,CabService,,,,,,10.5646285,-75.1232201
894,Rental,,,,,,43.4945737,5.8978018
895,Rental,,,,,,-7.2268363,112.7286573
896,Rental,,,,,,41.3643024,48.5260928
897,Rental,,,,,,13.8092603,-10.8345647
898,CabService,,,,,,48.071593,119.059106
899,Rental,,,,,,39.7992062,44.7723968
900,Rental,,,,,,27.27476,-80.31823
901,Rental,,,,,,-7.3708505,112.4440473
902,CabService,,,,,,34.488516,108.423318
903,CabService,,,,,,-10.7824056,-38.5761383
904,CabService,,,,,,28.5076416,30.734995
905,CabService,,,,,,33.6160293,-111.8926303
906,CabService,,,,,,50.2496386,66.9140468
907,Rental,,,,,,54.5997042,18.4823439
908,CabService,,,,,,-6.9143251,108.8105899
909,Rental,,,,,,59.4281489,10.65544
910,CabService,,,,,,2.0259109,-75.994964
911,Rental,,,,,,-10.7275273,25.5088914
912,Rental,,,,,,12.87678,44.99309
913,CabService,,,,,,53.2866372,-6.2508196
914,CabService,,,,,,-7.2623348,38.7368187
915,CabService,,,,,,-6.4525359,-37.4894776
916,Rental,,,,,,30.3312397,120.1534039
917,Rental,,,,,,-13.1638737,-74.2235641
918,Rental,,,,,,-7.7520206,110.4914674
919,Rental,,,,,,25.112406,110.446979
920,Rental,,,,,,55.6613674,37.4429397
921,CabService,,,,,,8.1818348,124.147545
922,Rental,,,,,,37.4951161,-8.4978441
923,CabService,,,,,,44.574779,133.2798776
924,Rental,,,,,,63.1109993,23.0789691
925,CabService,,,,,,12.9953534,15.7321831
926,Rental,,,,,,45.8585463,39.6551933
927,Rental,,,,,,59.9871162,15.8125817
928,Rental,,,,,,1.699532,32.0733109
929,CabService,,,,,,3.205886,101.5957199
930,CabService,,,,,,62.3011539,21.4081366
931,CabService,,,,,,52.753093,-2.941678
932,CabService,,,,,,10.1197024,-69.0393069
933,Rental,,,,,,39.2126147,-9.2845234
934,CabService,,,,,,-36.23975,-61.121304
935,Rental,,,,,,50.1601386,107.3956619
936,CabService,,,,,,43.8249005,131.9019175
937,Rental,,,,,,41.9121057,22.4068944
938,CabService,,,,,,19.8084176,-70.7075503
939,CabService,,,,,,-8.5894351,115.1417784
940,Rental,,,,,,29.833396,108.731128
941,CabService,,,,,,18.7863009,-69.6531674
942,CabService,,,,,,-8.1854774,112.3531494
943,CabService,,,,,,11.9876781,102.3960722
944,CabService,,,,,,-34.990888,138.574391
945,CabService,,,,,,50.6927144,16.7525932
946,Rental,,,,,,60.3588201,22.2240066
947,Rental,,,,,,40.53971,45.61414
948,Rental,,,,,,39.068035,20.6971047
949,Rental,,,,,,-18.617781,47.709942
950,CabService,,,,,,13.6256926,123.1848939
951,Rental,,,,,,4.5943745,-74.0740729
952,Rental,,,,,,45.299318,42.634626
953,CabService,,,,,,7.7526495,-74.9442585
954,CabService,,,,,,-24.6967014,33.544808
955,CabService,,,,,,35.99,-78.9
956,CabService,,,,,,24.1477358,120.6736482
957,CabService,,,,,,46.0199358,29.6734385
958,Rental,,,,,,43.1557012,22.5856811
959,Rental,,,,,,7.47717,80.384199
960,Rental,,,,,,-3.361378,29.3598782
961,Rental,,,,,,34.746611,113.625328
962,Rental,,,,,,-7.1582623,107.9235563
963,Rental,,,,,,10.018056,125.663981
964,Rental,,,,,,38.9944979,-8.7339782
965,CabService,,,,,,-21.2245142,48.3464426
966,CabService,,,,,,-8.7789516,122.0098642
967,CabService,,,,,,44.8147261,65.5887379
968,Rental,,,,,,16.5347882,97.6032892
969,CabService,,,,,,37.2516991,139.007103
970,Rental,,,,,,53.7667424,91.3992147
971,CabService,,,,,,-34.7356949,-58.6340339
972,Rental,,,,,,29.693392,-9.732157
973,Rental,,,,,,21.547821,107.971826
974,Rental,,,,,,58.9764624,47.0220321
975,CabService,,,,,,22.829287,107.200654
976,Rental,,,,,,30.007232,115.336359
977,Rental,,,,,,50.4800637,16.1816772
978,CabService,,,,,,55.7454343,-97.8681552
979,Rental,,,,,,51.3869562,6.1704266
980,CabService,,,,,,-8.6192014,122.2058206
981,Rental,,,,,,-7.150975,110.1402594
982,CabService,,,,,,22.551367,114.088418
983,Rental,,,,,,54.026345,-7.297914
984,CabService,,,,,,-23.534948,-46.7737972
985,Rental,,,,,,9.3568025,1.248195
986,CabService,,,,,,36.8979986,54.0738979
987,Rental,,,,,,-7.0777326,113.287085
988,CabService,,,,,,18.4849304,-69.8887766
989,Rental,,,,,,45.0075322,19.8227166
990,CabService,,,,,,40.1667409,44.2123603
991,CabService,,,,,,40.5042923,21.1592873
992,Rental,,,,,,57.7197857,12.933356
993,Rental,,,,,,59.3626867,17.9693864
994,Rental,,,,,,-9.1384166,-77.7423469
995,CabService,,,,,,-21.0209448,-41.1547688
996,Rental,,,,,,15.5900396,-87.879523
997,Rental,,,,,,30.411429,118.390218
998,Rental,,,,,,9.1914538,-10.1143176
999,CabService,,,,,,51.0377956,31.8880994
1000,Rental,,,,,,50.338999,30.4222341
