BookingID,BookingType,DriverID,CustomerID,BookingDate,BookingTime,CarID,DropLatitude,DropLongitude,Customer_Rating,Amount
1,Rental,82,74,25-08-2021,02:02:05,3C3CFFDR2FT212065,46.3940407,14.4979088,3.9,536
2,CabService,11,48,06-12-2021,02:51:59,1FTSX2A56AE727901,24.754346,107.220298,3.45,109
3,Rental,33,59,14-05-2022,11:53:33,1FTWX3B52AE252253,48.9101028,2.234305,3.50125,872
4,Rental,42,98,17-06-2022,06:40:35,WAUVC68E73A672052,37.8298386,112.5511892,3.45375,713
5,Rental,62,50,26-01-2022,19:19:33,WBA6A0C5XFG482343,28.642843,111.161288,3.4025,745
6,CabService,66,21,14-08-2021,02:15:56,19UUB3F59FA958929,49.3496761,18.180271,2.5975,348
7,CabService,21,20,06-07-2022,11:45:25,2T1KU4EE0DC750213,-11.0646689,-37.4894776,2.975,152
8,Rental,33,68,24-10-2021,14:59:22,5N1AN0NU4AC221579,14.6991252,120.5166906,3.5825,420
9,CabService,20,3,31-10-2021,14:08:32,WBADS43481G973005,-0.223997,111.391098,3.14625,116
10,Rental,45,70,16-06-2022,06:52:15,WA1VMBFE5BD604853,43.8322875,25.9534752,2.44375,459
11,Rental,45,34,01-10-2021,18:36:58,WDDHF2EB6DA780082,17.5656036,44.2289441,2.49125,507
12,CabService,3,90,14-12-2021,03:49:53,WAUDT48H55K137485,-32.817807,-63.877963,2.935,548
13,Rental,39,44,05-08-2021,10:14:57,WAUVT68EX5A012851,11.111972,125.500634,3.12875,195
14,Rental,15,46,11-07-2022,02:15:48,19UUA8F57DA024569,38.5928606,-2.5498208,2.1475,386
15,Rental,75,11,20-04-2022,14:44:12,19UUB2F35FA885079,38.9039998,100.103698,2.07625,981
16,CabService,11,74,26-11-2021,19:23:37,1B3CB7HB6AD651621,44.1675867,2.0308233,3.1975,818
17,CabService,53,92,14-02-2022,06:23:02,KL4CJCSB2DB298551,20.8965838,-105.4093552,1.39625,212
18,Rental,70,85,20-05-2022,03:57:16,WUALNAFG8EN937555,31.717564,119.382381,4.93375,490
19,Rental,15,4,24-03-2022,23:54:53,WAUHF78P88A942005,-6.6760711,-36.9326095,1.7975,765
20,CabService,97,57,12-06-2022,19:12:07,1GYFC36259R873760,48.8129209,2.2385405,2.7975,31
21,Rental,70,43,19-03-2022,00:50:48,1G6AH5RX3E0181342,-14.226324,-46.4393054,2.0825,632
22,Rental,99,95,07-08-2021,10:45:42,1GYUCAEF9AR723607,31.556273,115.004962,4.265,183
23,Rental,62,6,20-04-2022,22:45:59,WBA3X5C56FD402309,27.568278,117.562238,2.45,260
24,Rental,76,91,14-07-2022,22:42:55,1GYS3KEF5CR363803,32.265208,91.677053,4.14625,381
25,CabService,66,57,13-04-2022,14:13:33,1N4AL2AP4CC890031,11.7744786,124.8827037,3.605,48
26,CabService,35,67,20-01-2022,13:51:43,WAUNG74F39N956708,-20.2081037,57.408999,1.6125,859
27,CabService,83,61,13-04-2022,21:58:57,1GYS4GKJ7FR701922,-6.9401945,106.9247932,2.4525,775
28,CabService,68,73,07-03-2022,19:55:21,1J4NF1GB3AD150156,38.9550335,-9.1331143,1.44,402
29,Rental,100,38,20-09-2021,20:06:52,1GYEE437990994906,63.1199384,25.0747115,3.15125,136
30,Rental,62,77,27-10-2021,08:01:18,3C3CFFFH2FT500270,22.469575,111.89524,2.425,889
31,Rental,5,9,04-11-2021,02:44:44,WAUFL44D03N062962,-38.25,-72.6833,1.0775,982
32,CabService,23,48,27-09-2021,03:19:39,TRUDD38J791415186,16.4656784,102.7834876,4.225,845
33,CabService,8,67,11-10-2021,03:16:26,3VW507ATXFM973686,26.0824759,119.2969454,3.15875,167
34,Rental,51,60,22-01-2022,00:49:27,JN8AZ1MU3CW711727,59.9251831,10.8203114,3.405,308
35,Rental,100,97,13-08-2021,18:27:36,3D7TT2HT4BG400162,28.51845,110.278039,2.55625,707
36,Rental,71,89,03-10-2021,18:16:04,WAUFFAFL6FA251573,55.804047,37.2877274,1.835,569
37,CabService,63,9,19-04-2022,10:52:53,1FMHK7B87CG255466,-7.6092767,15.0552391,2.18,254
38,CabService,80,72,05-05-2022,21:08:56,2G4WS52J321201711,44.6034915,20.45241,3.33125,327
39,CabService,62,89,08-11-2021,07:24:30,WBSBR93441E858506,13.18179,44.29966,3.12375,350
40,Rental,65,81,05-12-2021,14:22:15,JTEBU4BF0DK004240,10.9005556,119.4011078,1.94375,594
41,Rental,13,72,10-04-2022,04:20:20,WAUA2AFD3EN380568,48.75667,-91.62409,1.08875,971
42,Rental,24,9,06-05-2022,21:24:59,WAUHF98P68A303505,59.3961735,27.7619842,3.3125,105
43,Rental,14,17,28-01-2022,16:40:50,137FA84311E506163,49.0813568,13.9584191,3.565,98
44,Rental,50,12,12-10-2021,14:54:15,WVGFF9BP9BD659676,4.727773,-76.121514,2.8875,463
45,Rental,20,5,24-12-2021,06:56:06,4T3BA3BBXBU548771,45.1761098,20.9132879,1.0175,592
46,CabService,32,71,30-05-2022,01:47:54,1N6AA0CA4DN377491,48.0158729,40.8393808,2.19375,561
47,Rental,23,35,12-02-2022,19:13:31,3D73M3CL4BG187465,49.275632,13.8214707,4.145,700
48,Rental,34,99,29-07-2021,13:38:33,WAUSF78E86A677748,32.9901655,130.608934,1.5625,902
49,CabService,19,56,06-07-2022,17:45:19,WBAWR3C54AP516022,-4.7695926,-40.5112755,1.95,645
50,Rental,81,79,25-08-2021,16:30:42,4T1BK1EB3EU473521,11.6578757,122.3054783,3.2675,834
51,CabService,73,59,06-02-2022,11:27:24,JM1NC2MF7D0674854,11.0990419,122.6533918,2.46375,496
52,CabService,73,81,25-07-2021,12:13:21,WBAFV3C59ED091271,31.34337,34.32337,1.54375,240
53,CabService,91,46,21-03-2022,12:29:08,JH4CU4F4XAC902415,13.53605,144.88855,3.78375,586
54,Rental,46,26,03-03-2022,05:35:47,WBAWC7C5XAP669495,47.082485,39.3745033,1.6825,821
55,Rental,23,88,14-04-2022,02:36:52,1G4GG5G32DF820232,13.439615,-86.7994359,2.37,640
56,CabService,5,29,15-06-2022,17:05:24,WAULC58E72A191198,-36.8868126,-60.3003601,3.8075,599
57,Rental,94,83,05-08-2021,16:20:48,WBANV13548B560749,31.42013,35.11516,1.64125,199
58,Rental,30,71,04-08-2021,08:29:07,TRUTC28NX31399083,39.4242713,-8.6985716,3.6075,257
59,Rental,2,70,12-05-2022,01:56:26,1YVHZ8BH7A5255219,58.0580802,37.1162575,2.19125,117
60,CabService,67,62,02-11-2021,06:07:16,JA32X2HU3BU193794,39.6507816,-8.5452616,4.53,986
61,CabService,98,4,07-11-2021,12:35:26,WAUPEAFM9DA775846,13.5955617,102.9665821,2.45625,291
62,Rental,44,96,21-08-2021,08:52:02,WP0AB2A8XFK707232,-8.557437,114.0369075,3.765,613
63,Rental,38,92,23-08-2021,16:17:55,3C4PDCBB6CT540124,39.0008341,139.9181485,2.325,537
64,Rental,60,56,22-07-2021,01:59:09,1FTMF1E85AF185419,51.3870782,28.8660119,3.9875,942
65,CabService,87,41,21-05-2022,12:13:56,WA1AV74L29D687310,31.18458,115.026045,3.4875,711
66,CabService,50,45,14-11-2021,21:21:50,JH4DC538X6S674546,-37.3130297,-59.0746886,1.67375,101
67,Rental,2,95,21-03-2022,14:51:09,WBAAV33481E839644,27.754532,112.723615,2.3725,435
68,Rental,72,81,03-06-2022,06:35:19,1G6DH577380676886,13.5432995,-89.038242,3.1375,435
69,Rental,88,58,10-10-2021,15:57:14,WA1YL64B94N064601,45.4815563,4.3637137,4.15625,546
70,Rental,27,66,10-09-2021,05:56:01,1N4AA5AP7BC519449,44.2136985,3.9996505,4.04875,994
71,CabService,1,15,05-08-2021,03:03:32,WA1DGBFE5BD664943,4.0510564,9.7678687,2.22,629
72,Rental,46,27,16-06-2022,10:49:35,3GYFNEE37DS994991,40.3329294,116.6356312,2.89375,980
73,Rental,56,64,23-04-2022,21:06:33,WUAAU34219N881431,43.4829443,44.5893304,1.9075,603
74,CabService,55,3,25-04-2022,02:50:20,WAUBVAFB1BN534359,22.6188131,-83.7066289,2.4725,328
75,CabService,67,51,25-05-2022,21:39:47,SALFP2BN1AH862522,11.3421375,-73.0405277,2.47375,103
76,CabService,34,66,24-05-2022,09:37:19,WAUGL68E35A510155,23.365556,116.70345,3.61125,433
77,Rental,47,84,20-09-2021,23:15:55,YV1902FH5D2189863,44.9688472,-93.1315648,1.6375,141
78,Rental,85,40,06-06-2022,08:57:48,WBSBR93482E782449,31.95388,35.2998,1.7525,583
79,CabService,45,89,06-02-2022,03:19:03,WAUGL98EX7A667055,54.760117,17.5563117,3.40875,890
80,CabService,13,17,06-03-2022,16:11:58,5N1BA0ND6FN669446,45.5436558,3.2448508,2.47625,500
81,Rental,48,3,02-09-2021,05:26:53,3G5DA03L56S065942,58.3776252,26.7290062,2.18,925
82,CabService,30,41,25-07-2021,14:24:37,1FTEX1CM7BK315386,49.2744124,25.1313297,2.12375,661
83,CabService,69,33,05-01-2022,07:26:36,JTDZN3EU5EJ367032,51.29995,-116.9689,2.8375,144
84,Rental,82,42,25-09-2021,04:12:18,WBAEW53434P208299,37.955893,23.7020975,1.59,127
85,CabService,21,96,17-06-2022,05:03:21,1FTEW1CW9AF742452,28.454862,117.943433,2.7825,870
86,CabService,69,86,22-08-2021,17:30:57,WA1AY94L38D091673,27.511611,112.726555,3.8325,104
87,CabService,49,56,17-01-2022,01:22:19,1B3CB3HAXBD714916,58.6842686,17.0452859,1.31625,636
88,CabService,6,50,26-11-2021,23:00:48,1GD21ZCG7CZ195173,38.7811142,20.7067845,3.9525,114
89,Rental,74,97,12-02-2022,04:08:04,1FTSW2A53AE530199,45.4815563,4.3637137,1.37125,991
90,CabService,87,76,05-03-2022,05:31:08,4T1BK3DB5BU714990,49.9899828,18.6926323,3.43625,677
91,Rental,76,87,26-01-2022,04:43:18,1G6KD57YX6U968407,7.4854917,122.3399664,2.775,468
92,Rental,77,68,11-05-2022,03:46:31,1GYUCEEJ9AR900037,15.7030403,43.6039301,1.14,184
93,Rental,100,89,05-05-2022,00:09:48,1G4HP54K244787826,-7.9675496,110.3368391,4.21875,228
94,Rental,83,93,13-03-2022,13:40:26,1C4RDHAG5DC455369,46.1167,3.4167,3.625,758
95,CabService,80,70,16-10-2021,05:06:35,3D73M4CL1BG373051,55.6602448,37.5157102,3.20375,670
96,CabService,28,33,14-07-2022,12:02:41,WA1WMAFE3CD671600,40.266667,72.1,4.6925,609
97,CabService,51,68,07-02-2022,14:11:24,1FTEX1C84AF054342,-25.0662897,-130.1004636,2.17125,452
98,CabService,4,39,13-04-2022,19:51:38,WDDUG7GB1FA283692,55.6207919,36.5091081,4.875,139
99,CabService,22,39,05-12-2021,00:09:45,1FTEX1E83AF273984,55.6842625,37.8548295,3.95,356
100,Rental,20,85,24-05-2022,21:52:06,1G6DP577270479371,-6.1870969,106.8655689,2.2325,325
101,CabService,11,66,31-08-2021,19:42:59,1G6YV36A765567942,9.97788,-84.762933,3.605,504
102,Rental,3,42,26-03-2022,22:01:52,JTJHY7AX2A4208114,28.845626,104.969882,1.38375,182
103,CabService,23,98,16-04-2022,21:03:24,JM1BL1L34D1494911,-18.3269371,29.9162276,2.77875,600
104,CabService,71,33,14-01-2022,05:11:18,1G6DL67A990172067,30.999016,102.363193,2.77,542
105,CabService,86,30,29-08-2021,23:17:29,SALVN2BGXFH996827,49.5015691,23.9633999,3.51375,899
106,Rental,2,21,30-03-2022,09:52:20,SCFFDCCD8AG947084,-6.8646647,107.5889804,2.55375,918
107,CabService,10,38,08-05-2022,11:37:51,JN8AE2KPXC9322760,49.1169513,101.449837,2.24,951
108,CabService,96,75,07-07-2022,03:00:42,JN1CV6FE3FM325833,20.5479443,-97.4513197,3.62625,657
109,CabService,5,4,04-10-2021,07:36:41,4USDU53578L126547,54.2618911,36.15775,3.39375,42
110,CabService,98,66,19-12-2021,21:12:41,1C6RD7JT3CS887218,39.4753881,-8.243037,3.1775,529
111,Rental,48,15,28-03-2022,14:57:23,1N6AD0CU0BC227162,8.0335995,2.4851463,4.405,961
112,Rental,93,64,02-01-2022,03:17:26,KNADM5A35D6433311,39.886025,20.6256658,4.18125,411
113,CabService,55,21,18-09-2021,22:44:12,WAUMFAFR3FA921981,-2.688962,111.622398,2.5525,753
114,CabService,36,36,23-01-2022,07:07:22,JN1AZ4EH0DM757336,-7.2914614,112.6109257,4.23375,332
115,CabService,37,41,29-12-2021,15:36:01,SCBLE47K98C843592,45.159309,14.5440221,1.5425,140
116,Rental,1,94,01-11-2021,15:16:36,1C4SDHCT0DC093480,31.967678,34.993693,1.485,843
117,Rental,86,94,27-06-2022,00:38:47,WAUXD68D62A089015,-6.2335134,107.1071,3.15375,759
118,CabService,80,14,24-08-2021,20:30:24,1FTNS2EW6AD380803,40.5567316,-8.692591,2.525,58
119,Rental,30,77,04-06-2022,01:30:26,5YMGY0C50CL090873,46.1016128,47.7243761,2.41875,410
120,CabService,36,68,19-12-2021,03:34:25,WBA3B3G51FN814032,16.9022,121.76191,0.15125,778
121,CabService,25,54,23-08-2021,03:25:24,JN1AZ4EH5CM438173,9.834832,-75.120521,4.0275,261
122,CabService,80,94,06-02-2022,07:42:15,1G4HE5EM8AU433584,-13.3379818,-72.0645776,2.395,897
123,Rental,92,57,21-03-2022,17:27:54,WBAGN63564D478641,14.6925714,121.0468246,3,126
124,Rental,18,8,26-04-2022,07:34:35,WDDNG9FB9DA236666,22.920341,115.789204,2.807844296,90
125,CabService,9,38,13-05-2022,03:48:17,5FNYF3H45FB129808,41.069856,124.048328,2.80776926,576
126,Rental,57,31,14-12-2021,06:32:31,1G6DV1EP4F0907134,-9.5295,119.2674,2.807694224,857
127,CabService,48,91,18-10-2021,13:54:06,YV4940BL8D1422162,35.025857,136.131182,2.807619188,76
128,CabService,94,52,03-06-2022,17:27:21,YV126MEDXF1477641,48.87561,2.302597,2.807544152,887
129,CabService,31,26,12-07-2022,10:23:24,2T1BURHEXFC370825,29.028066,106.651361,2.807469116,941
130,Rental,92,36,02-06-2022,13:56:43,JHMFA3F23AS697315,3.1523104,101.7178316,2.80739408,230
131,Rental,19,65,12-03-2022,01:00:37,1G6AB5SX8F0716775,53.3797233,49.5564219,2.807319043,324
132,Rental,81,51,19-06-2022,09:17:15,WBSPM9C57BE690150,50.9996233,26.750679,2.807244007,565
133,CabService,70,86,23-12-2021,14:01:46,1G6KF54965U534295,3.5144204,11.5077573,2.807168971,293
134,CabService,34,31,21-05-2022,21:35:54,JN8AZ2KR7AT131089,42.76631,129.427066,2.807093935,503
135,Rental,46,81,27-05-2022,19:43:13,TRUDD38J981459107,49.7722369,20.506072,2.807018899,904
136,CabService,97,52,07-11-2021,01:55:28,WBAFU9C56CC715522,19.4095846,-99.1575732,2.806943863,881
137,CabService,94,33,29-08-2021,08:56:08,WA1YD64B03N966937,-8.8058,120.2258,2.806868827,715
138,CabService,60,74,16-03-2022,20:36:43,WVWED7AJ5CW797647,39.825495,116.288478,2.806793791,949
139,Rental,73,82,16-07-2021,00:49:31,JH4NA12604T518137,44.2136985,3.9996505,2.806718755,41
140,CabService,66,80,07-12-2021,19:41:26,4JGBB2FB8AA525158,27.062407,108.739519,2.806643719,747
141,CabService,96,53,01-03-2022,18:04:01,JTHBB1BA4B2905104,37.7985543,139.189766,2.806568682,100
142,CabService,65,56,23-07-2021,01:25:20,5UMCN93452L665006,22.2479136,-97.8755614,2.806493646,427
143,CabService,32,61,06-07-2022,12:49:30,1FTEX1CM9DF005297,42.93823,123.37082,2.80641861,61
144,Rental,25,46,18-02-2022,09:59:11,WBALM5C58BE973720,-13.54918,-71.893158,2.806343574,334
145,CabService,66,23,25-07-2021,12:28:44,WBA3B9C54EJ220503,53.2774963,-6.1157412,2.806268538,557
146,CabService,22,43,28-01-2022,16:54:01,19VDE1F53FE457261,37.464539,121.447852,2.806193502,650
147,Rental,41,95,16-08-2021,20:49:20,JN1AY1AP2DM031086,29.7136436,72.49695,2.806118466,335
148,CabService,64,29,23-06-2022,07:55:17,SAJWA4EC2BM353886,54.914389,85.646652,2.80604343,522
149,CabService,60,68,12-04-2022,18:08:22,2C3CDZBT1FH823056,36.806669,118.017938,2.805968394,47
150,CabService,92,71,22-05-2022,02:39:05,JH4CU2F69BC045947,-6.4933318,106.8809319,2.805893358,407
151,CabService,87,34,25-12-2021,11:12:53,YV126MFJ2F1183798,24.265926,116.081656,2.805818321,796
152,Rental,7,84,05-04-2022,06:44:02,KMHFC4DF0BA849576,48.0080981,6.7166698,2.805743285,405
153,Rental,65,60,03-09-2021,15:53:04,3GTXKYEJ3AG701721,49.9257105,16.2979279,2.805668249,579
154,CabService,75,24,15-11-2021,16:45:39,JH4DC54834S027126,38.36,-81.65,2.805593213,245
155,Rental,26,46,18-03-2022,18:26:12,1D7RB1CT3AS255346,17.1390992,102.9715346,2.805518177,577
156,Rental,2,30,24-02-2022,06:09:15,1GYEE637390702596,50.6538116,-1.1547612,2.805443141,60
157,Rental,59,34,11-03-2022,01:32:33,JH4KA96614C725468,-7.6535289,110.6749978,2.805368105,376
158,CabService,70,33,26-12-2021,19:19:54,WUAUUAFG9EN958907,59.3362401,18.0232365,2.805293069,663
159,Rental,40,65,04-11-2021,15:47:01,JN8AF5MR9ET641375,23.124134,115.138892,2.805218033,722
160,CabService,6,80,01-04-2022,17:44:11,1C3CCBCG3DN438355,31.105555,111.214922,2.805142997,634
161,Rental,29,37,03-07-2022,07:07:53,JHMZE2H37CS709308,53.940892,-8.9480659,2.80506796,681
162,Rental,63,22,23-09-2021,15:06:01,1G6AJ1RX5F0134554,-30.0722165,-51.0969571,2.804992924,712
163,Rental,3,8,20-05-2022,14:12:19,WBANW53508C354973,26.337937,115.36319,2.804917888,581
164,CabService,58,88,01-09-2021,18:37:11,1GYS3GEF4BR300221,56.6628106,95.5534963,2.804842852,880
165,Rental,80,56,28-02-2022,13:21:14,YV126MEB8F1247126,59.8621021,17.6271867,2.804767816,984
166,CabService,7,64,12-12-2021,06:13:51,3VW1K7AJ4FM661600,-7.0180991,107.7632453,2.80469278,626
167,Rental,36,90,12-06-2022,03:45:32,WBA3B5C54FP045063,24.31049,116.116695,2.804617744,115
168,Rental,56,66,29-12-2021,02:23:16,WA1CFBFPXBA057504,52.824354,83.119824,2.804542708,232
169,Rental,27,42,20-10-2021,19:04:09,WDDNG7BB9AA906996,45.5535581,13.7439605,2.804467672,728
170,Rental,52,36,16-09-2021,19:54:46,WAUSF98E77A999942,50.2867981,16.0442852,2.804392636,221
171,CabService,21,38,26-04-2022,02:57:57,WUADNAFGXAN064289,48.418023,23.7371118,2.804317599,875
172,CabService,35,45,11-05-2022,22:09:29,1G4GC5GR7CF936573,25.8006926,55.9761994,2.804242563,923
173,Rental,59,70,10-04-2022,05:27:08,5TDBM5G15CS425563,31.9617032,119.5738403,2.804167527,277
174,Rental,13,16,07-12-2021,01:16:51,1FT7W2A69EE536903,23.7318903,-99.1502962,2.804092491,206
175,Rental,57,23,04-07-2021,14:33:04,JA32U2FUXEU859467,11.9171458,-86.1471939,2.804017455,486
176,CabService,66,32,26-01-2022,19:37:05,5UXFB93572L722484,41.167279,-8.3704583,2.803942419,736
177,Rental,54,93,15-12-2021,04:19:32,1G6DU6EV3A0956073,-7.5145399,112.7330892,2.803867383,304
178,CabService,99,26,11-05-2022,03:36:23,WBXPC9C44AW228528,-28.4627561,-65.780154,2.803792347,355
179,Rental,60,48,13-02-2022,13:28:53,1G6DU6EA9A0416076,32.7011609,-97.3354531,2.803717311,185
180,Rental,36,28,31-10-2021,07:34:29,WUAW2BFC9FN091270,52.2873032,76.9674023,2.803642274,900
181,CabService,95,50,26-07-2021,17:07:42,KMHGH4JH7FU567273,39.244385,76.499773,2.803567238,118
182,CabService,57,83,17-11-2021,05:37:55,WDDGF4HB5EA178889,-12.0560257,-77.0844226,2.803492202,699
183,Rental,14,33,24-10-2021,06:49:06,WP0AA2A92CS797791,35.3364517,-97.6222665,2.803417166,769
184,Rental,70,12,03-02-2022,00:21:35,WAU2GAFCXEN743140,9.0912455,-79.409706,2.80334213,912
185,Rental,70,34,07-07-2022,10:44:34,WP0CB2A8XCS332415,41.6020598,-87.4108352,2.803267094,483
186,Rental,58,39,06-11-2021,08:47:37,TRUDD38J291371484,-33.5215632,-53.3664818,2.803192058,481
187,Rental,22,31,21-02-2022,16:24:26,WAUSH78E08A740340,17.7409147,-91.7660525,2.803117022,695
188,Rental,72,47,19-03-2022,05:57:37,WA1CFBFP0CA299574,29.601192,103.565191,2.803041986,168
189,Rental,28,68,09-05-2022,14:38:25,JN1AZ4EH8AM290503,43.3986916,142.1799102,2.80296695,364
190,CabService,68,34,11-09-2021,15:10:44,JTEBU4BF0EK054900,23.9211737,-106.8915948,2.802891913,756
191,CabService,40,22,10-04-2022,22:30:11,1D7CE2BK6AS027871,41.6445836,0.587269,2.802816877,418
192,Rental,31,88,31-07-2021,17:37:16,1G6KD57Y79U912428,-10.5676,121.9306,2.802741841,141
193,Rental,73,82,03-06-2022,10:14:11,WAUKG74F76N298552,-7.4417327,111.1056539,2.802666805,479
194,CabService,89,89,19-12-2021,19:22:02,JM1NC2NF7E0905820,30.574474,103.923651,2.802591769,976
195,Rental,78,91,31-05-2022,01:39:04,WBA3A5G57CN116888,13.932401,46.0801697,2.802516733,624
196,CabService,71,78,11-11-2021,18:49:52,WBABN33483J849007,46.5838069,0.3350126,2.802441697,746
197,Rental,89,51,02-11-2021,11:55:45,SCFAD01E59G216662,25.112046,99.161761,2.802366661,395
198,CabService,94,44,21-04-2022,17:06:53,1GYEE437080238458,32.874735,117.531622,2.802291625,969
199,Rental,38,50,14-07-2021,04:20:10,1G6KE57Y41U315786,-5.5169316,120.0202964,2.802216589,444
200,Rental,60,100,13-03-2022,05:25:25,WAUBFAFL9EA469228,18.7597777,-69.0362184,2.802141552,533
201,Rental,81,5,08-03-2022,11:43:37,2T3BFREV4FW340045,49.6669762,25.7723085,2.802066516,664
202,Rental,40,54,25-06-2022,07:07:14,WAUEF98E28A003526,16.7690892,120.3353957,2.80199148,153
203,Rental,32,5,23-09-2021,22:02:38,WBSWD9C51AP244834,-8.3010912,112.1489829,2.801916444,844
204,Rental,30,67,17-08-2021,02:36:55,WAUKF78P19A660182,34.728584,112.132488,2.801841408,244
205,CabService,71,86,27-03-2022,22:13:31,2C4RDGBG5DR239585,2.9716241,45.5334515,2.801766372,710
206,CabService,34,18,31-08-2021,02:57:41,WBASP4C5XCC144058,19.782027,-99.0598732,2.801691336,763
207,CabService,23,28,13-04-2022,13:29:42,3VW467AT2CM869988,-27.4561199,-53.9288773,2.8016163,825
208,Rental,18,95,17-04-2022,11:52:20,WAUJC68E14A831664,27.456658,112.175245,2.801541264,179
209,CabService,10,16,01-09-2021,05:30:03,5N1AN0NU5AC813072,47.0170479,-68.1430238,2.801466228,368
210,Rental,78,3,05-05-2022,07:55:35,WA1CMAFE7BD165785,51.4617501,20.9131216,2.801391191,672
211,Rental,40,54,25-09-2021,03:38:10,2FMDK3GC3AB308852,55.024145,30.8005553,2.801316155,954
212,CabService,4,56,20-10-2021,06:07:01,3VW467AT6DM005253,48.9014667,37.0181437,2.801241119,930
213,Rental,21,57,23-11-2021,03:28:52,WDDHF5KBXEA866440,59.1201253,37.9014795,2.801166083,413
214,Rental,84,78,09-06-2022,23:10:35,SAJWA4DB7DL539845,-5.5850343,-39.3708321,2.801091047,242
215,Rental,41,59,20-12-2021,22:38:28,1HGCR2E78FA106494,43.6410973,51.1985113,2.801016011,119
216,CabService,76,100,18-01-2022,12:15:40,WAUVT68E35A345067,46.0565579,15.6625947,2.800940975,749
217,CabService,77,62,23-12-2021,12:56:19,1C3CDFAA1DD968039,1.5073967,21.0728664,2.800865939,333
218,CabService,12,36,02-04-2022,04:02:11,5LMJJ3H52BE259218,14.6055216,121.1174129,2.800790903,793
219,CabService,26,67,06-04-2022,23:28:22,WBAPK7C57BF137006,36.7333193,9.1843676,2.800715867,397
220,Rental,66,62,08-10-2021,04:25:19,WAUVC58E32A725371,52.1379258,21.828508,2.80064083,454
221,Rental,82,5,14-03-2022,08:15:24,2C3CA2CVXAH885144,49.7624347,19.0904515,2.800565794,377
222,CabService,3,38,10-07-2022,05:13:20,1G4GL5E38CF503682,33.8752935,-117.5664384,2.800490758,741
223,Rental,64,59,09-12-2021,15:24:34,3N1CN7AP0EK812405,34.3827,8.15549,2.800415722,416
224,CabService,2,86,20-11-2021,00:23:31,1GYS3HEFXER108523,-6.5554802,106.7246239,2.800340686,704
225,Rental,44,17,03-02-2022,01:12:15,SCFAD02A85G974128,32.016539,35.068807,2.80026565,927
226,CabService,52,95,05-09-2021,02:05:04,WAUPN44E97N451466,14.5618599,121.0130439,2.800190614,525
227,CabService,15,96,05-06-2022,18:06:01,WVGAV3AX0EW694322,-6.427987,110.9561,2.800115578,791
228,CabService,25,53,19-11-2021,02:25:43,WDDLJ6FB8FA087614,-24.30724,29.51076,2.800040542,315
229,Rental,40,27,07-04-2022,21:20:55,JN8AZ1MU8DW098277,-21.2001343,24.8656498,2.799965506,637
230,CabService,28,7,01-07-2021,05:00:30,WAUEKBFB9AN369493,59.5891945,16.5104253,2.799890469,91
231,Rental,97,66,24-07-2021,19:45:14,1FTEX1C82AF569100,14.6035421,121.0245782,2.799815433,450
232,CabService,76,90,04-04-2022,23:40:30,KNAGM4AD1D5249926,-17.566223,-63.2238376,2.799740397,319
233,CabService,54,42,18-09-2021,08:33:34,2T2BC1BAXFC566043,28.2123183,-80.6720617,2.799665361,156
234,Rental,11,46,23-06-2022,17:36:50,WP0AA2A92FS362046,44.9326194,4.8713543,2.799590325,345
235,CabService,97,13,05-03-2022,01:20:58,1GTC5MF92B8095564,30.385605,116.96943,2.799515289,146
236,CabService,6,52,06-01-2022,23:01:17,1FMJK1F56BE746538,43.275207,1.9452714,2.799440253,659
237,Rental,5,94,08-11-2021,12:19:34,1G6DA67V980212672,38.7157106,-9.3069187,2.799365217,801
238,CabService,32,13,24-11-2021,11:44:57,JH4DC23961S080911,51.9601912,7.5468477,2.799290181,393
239,Rental,73,38,01-03-2022,23:21:04,WUAUUAFG5F7323673,32.2875125,105.5230659,2.799215145,73
240,CabService,88,98,16-04-2022,11:35:19,SCBDC47L07C713346,33.6634952,112.6061178,2.799140108,388
241,Rental,29,88,18-02-2022,14:31:22,WBA3B3G57EN378138,-34.6558079,-58.3734773,2.799065072,878
242,Rental,11,74,11-12-2021,06:03:59,WAUJC68E65A623426,-13.7994093,-171.8556172,2.798990036,246
243,CabService,81,41,05-05-2022,07:01:35,WBABD53466P492152,11.3861374,12.7199759,2.798915,338
244,Rental,52,76,17-09-2021,03:53:48,JH4KB16618C326743,33.347316,120.16366,2.798839964,274
245,Rental,8,62,11-01-2022,06:10:23,JTDKDTB36E1514992,-7.6469193,112.8999225,2.798764928,856
246,CabService,66,99,12-06-2022,11:29:52,SAJWA0HP9EM517193,16.5,121.2666702,4,143
247,CabService,59,84,18-04-2022,03:02:19,1C3CDFDHXFD104621,-4.0620941,-78.948623,2.798689892,615
248,CabService,28,12,13-07-2022,00:59:25,WBA4B3C52FD372426,-9.9275387,124.2254855,2.798614856,716
249,Rental,79,40,15-01-2022,06:44:18,3VW507AT0EM628293,-7.8111719,110.3979074,2.79853982,189
250,CabService,53,59,28-07-2021,04:18:54,TRUWT28N721044951,32.096344,118.909159,2.798464784,866
251,Rental,42,69,16-06-2022,20:39:19,1FTEW1C82AF177012,34.7720133,32.4297369,2.798389747,446
252,CabService,44,45,03-06-2022,08:29:44,WAUGGAFC3DN839504,43.363668,88.311099,2.798314711,321
253,CabService,35,39,07-11-2021,02:08:35,3C4PDDGG5FT623641,-22.9972026,-47.512814,2.798239675,165
254,CabService,82,11,26-01-2022,12:09:33,WAUMFAFL3AA017990,0.393611,34.305278,2.798164639,222
255,Rental,12,75,11-10-2021,10:54:33,WBAWL13547P503849,54.4026022,22.0193739,2.798089603,983
256,Rental,43,100,22-07-2021,21:36:53,WAUKF78E28A341466,-7.5330309,-46.035885,2.798014567,497
257,CabService,70,95,18-04-2022,14:22:27,2HNYD18681H641510,51.5649604,32.9549585,2.797939531,474
258,Rental,53,48,22-11-2021,21:33:46,JM1DE1KY6D0346085,24.44218,114.938684,2.797864495,419
259,CabService,88,76,10-03-2022,13:31:27,1FMJK1H54CE876980,29.090585,21.3321974,2.797789459,250
260,CabService,54,69,12-05-2022,14:12:48,JTEBU5JR9A5015684,40.4187499,20.5535753,2.797714422,562
261,CabService,38,59,21-09-2021,11:18:13,3LN6L2G96FR196080,30.531919,117.115101,2.797639386,709
262,Rental,71,3,22-09-2021,08:36:23,3N1AB6AP8BL900960,-7.221562,111.759598,2.79756435,820
263,CabService,62,9,02-07-2022,14:12:31,2T1BURHE9EC085032,-7.4704747,112.4401329,2.797489314,183
264,CabService,65,23,19-01-2022,01:15:06,3D73Y3HL8AG889526,-8.5039043,115.0258394,2.797414278,619
265,Rental,52,60,30-04-2022,15:25:44,WBAGH03441D245493,59.2552832,17.847373,2.797339242,518
266,CabService,42,90,21-04-2022,06:12:11,SCBCC41NX9C838220,60.6204071,25.8776098,2.797264206,131
267,CabService,5,26,23-05-2022,13:02:07,1GYFC562X9R404885,55.5305674,41.1014277,2.79718917,958
268,CabService,12,56,07-05-2022,00:22:33,5GAKVDKD1DJ068200,-10.1082359,123.7727229,2.797114134,920
269,CabService,50,81,14-10-2021,12:38:26,JA32X8HW2EU394885,-6.2176613,106.8679827,2.797039098,526
270,CabService,91,47,10-03-2022,04:04:41,1G4GA5GR8CF828260,34.5553494,69.207486,2.796964061,288
271,CabService,96,12,14-03-2022,12:43:57,5J8TB2H2XCA746819,36.377539,119.757032,2.796889025,588
272,CabService,87,93,07-07-2021,02:05:56,SCFEFBBC7AG667553,41.7396715,-85.9262162,2.796813989,635
273,CabService,99,21,02-07-2021,02:07:53,WBAYA8C5XFG240708,-21.4803962,-56.1494143,2.796738953,566
274,Rental,42,65,24-01-2022,19:52:24,5GALVBED3AJ526786,-6.4185424,106.8502879,2.796663917,683
275,Rental,24,61,29-03-2022,03:28:25,1FTSX2A56AE505472,37.6410379,-7.6589255,2.796588881,472
276,CabService,91,24,31-05-2022,02:44:36,1N6AF0KY5FN433117,-6.6913793,111.0892601,2.796513845,69
277,Rental,17,99,01-06-2022,08:43:37,JN1CV6AP0BM130727,55.985,22.91889,2.796438809,426
278,CabService,43,33,11-09-2021,10:00:43,1G6KD5EY2AU966484,-20.5842082,-63.8950786,2.796363773,295
279,Rental,15,64,04-04-2022,01:50:24,WUATNAFG8BN658490,9.7016493,-84.1005807,2.796288737,394
280,CabService,85,83,14-04-2022,13:00:02,WAUJT58EX3A407960,-17.6091383,-66.0255368,2.7962137,929
281,Rental,68,16,15-05-2022,14:50:21,3TMJU4GN4CM284266,-8.2919428,123.2254725,2.796138664,239
282,Rental,79,10,02-01-2022,12:07:54,1GYFC23299R813429,53.0475258,90.944621,2.796063628,90
283,Rental,87,9,23-03-2022,13:24:05,2B3CK2CV2AH166870,67.6955232,24.8590222,2.795988592,312
284,CabService,20,98,09-07-2021,16:10:48,SCFAD01A35G233337,38.290338,-8.2274142,2.795913556,247
285,Rental,15,71,04-07-2021,03:27:51,1G6DN57U770903655,12.0675239,123.7223625,2.79583852,509
286,Rental,62,42,17-06-2022,12:04:53,SCFEDCAD0AG067947,20.8965838,-105.4093552,2.795763484,762
287,Rental,72,92,18-10-2021,09:19:14,2C4RDGCG1FR454091,-7.1928,108.6334,2.795688448,839
288,CabService,95,75,08-12-2021,12:52:02,1GYS4HEF3DR669822,26.263406,117.638678,2.795613412,648
289,CabService,58,64,14-12-2021,08:18:37,1HGCP2E82AA933270,46.900546,124.214976,2.795538376,987
290,CabService,95,12,21-10-2021,06:50:12,JN1CV6FE6AM312695,-8.2154626,115.376643,2.795463339,829
291,CabService,30,45,25-11-2021,06:22:05,WBAVD53568A079823,48.7114913,23.1850055,2.795388303,275
292,CabService,70,49,11-09-2021,12:52:25,2T1BURHE8EC578331,14.9163748,-23.6040974,2.795313267,365
293,Rental,49,58,09-09-2021,05:35:02,JN8AZ2KR4CT203546,11.1179302,123.0099723,2.795238231,832
294,Rental,82,5,07-05-2022,16:45:59,WBA3F9C50EF364959,-34.6091049,-58.7005845,2.795163195,541
295,Rental,21,87,17-05-2022,09:25:05,4JGBF2FE0CA614661,29.655143,121.406995,2.795088159,802
296,Rental,3,86,23-09-2021,01:36:10,WBAHN83537D576921,13.6095632,123.5359174,2.795013123,55
297,CabService,88,74,11-11-2021,21:48:24,1FTEW1E87AK739474,26.444341,115.699778,2.794938087,438
298,CabService,12,50,01-05-2022,14:44:08,WVGAV7AX8BW396460,39.886547,116.989574,2.794863051,477
299,CabService,36,51,25-08-2021,15:29:35,WVWDB7AJ6EW324988,-23.8879561,35.3959879,2.794788015,861
300,Rental,19,61,30-07-2021,18:06:15,WAUCVAFR5CA156122,-5.3629365,39.6526462,2.794712978,808
301,CabService,16,63,23-08-2021,12:41:08,JN8AE2KP8B9640813,38.2019852,-7.7430854,2.794637942,470
302,CabService,28,8,08-08-2021,09:57:10,JN8AE2KP7F9246743,-6.8618504,111.971625,2.794562906,344
303,CabService,66,65,17-05-2022,01:23:35,SAJWJ0FF8F8968295,-32.8842032,-68.7998021,2.79448787,598
304,CabService,85,66,23-07-2021,09:15:50,SCFAB02A17G597344,-34.7264519,-58.6055652,2.794412834,798
305,Rental,3,95,01-04-2022,10:37:24,2G4G05GV8B9392095,32.9578909,-102.8518139,2.794337798,860
306,Rental,17,81,12-07-2022,01:11:32,2G61N5S37F9968057,41.0923609,20.1563519,2.794262762,305
307,Rental,83,93,24-05-2022,16:28:38,JN8AS5MT5FW593087,-6.8982,113.1705,2.794187726,977
308,Rental,30,67,01-04-2022,20:43:07,YV126MFD3F1638832,-8.8071005,116.8174054,2.79411269,521
309,Rental,50,23,16-06-2022,15:56:59,1D7RE2BK5BS392053,13.1916462,-59.5800813,2.794037654,488
310,Rental,65,63,07-10-2021,06:36:48,SCBZK25E21C535285,50.0385516,14.0470364,2.793962617,297
311,Rental,81,88,13-07-2021,18:44:47,JH4CW2H5XBC578002,31.932456,98.425168,2.793887581,888
312,Rental,61,12,28-02-2022,23:42:51,WBA6B2C54FD220618,21.0256819,106.9983133,2.793812545,273
313,CabService,38,47,31-01-2022,01:29:54,1GKUKFDJ8AR267339,-26.0798,27.72907,2.793737509,349
314,Rental,33,70,26-10-2021,04:20:28,4T1BF3EK7AU765635,-9.6447416,124.779603,2.793662473,611
315,Rental,87,13,23-08-2021,08:24:32,KNAFU6A28D5484295,-32.947692,-60.6743215,2.793587437,838
316,CabService,95,60,16-08-2021,19:31:27,WBAET37494N111952,8.8876607,-79.6421415,2.793512401,680
317,Rental,17,63,07-03-2022,21:27:58,2G4WY55J311643736,23.021478,113.121435,2.793437365,914
318,CabService,28,19,14-11-2021,05:40:05,1GT01ZCG5CF661440,3.5005598,98.8942082,2.793362329,113
319,Rental,73,18,11-10-2021,11:57:56,3GYFK66N06G626561,15.2939516,-87.8501554,2.793287293,517
320,Rental,25,19,18-06-2022,17:20:17,2LMDJ6JK9BB431987,51.2845164,37.7994394,2.793212256,642
321,CabService,40,15,11-07-2021,10:05:59,WA1AY74L87D459641,35.777346,115.074151,2.79313722,776
322,CabService,1,55,25-06-2022,09:32:41,WBAVB13536P953487,1.350933,-77.52387,2.793062184,400
323,CabService,56,55,21-08-2021,05:17:06,WAUDH78E96A852432,37.38198,117.970699,2.792987148,200
324,CabService,30,74,03-02-2022,18:53:20,1GYS3DEF2BR717528,4.336584,-75.702412,2.792912112,655
325,Rental,54,80,22-09-2021,06:41:35,WAUDF98E16A703319,29.046337,93.074702,2.792837076,936
326,Rental,40,40,16-08-2021,14:26:11,2HNYD2H48CH555380,-6.8089753,106.493598,2.79276204,280
327,Rental,69,15,06-07-2021,13:05:06,JN8AZ2NC0E9092047,45.536587,19.150386,2.792687004,606
328,Rental,74,32,16-12-2021,10:11:27,5LMJJ2H52DE027294,38.8943618,-77.04997,2.792611968,354
329,CabService,33,69,14-08-2021,04:27:30,NM0KS7AN3AT036266,-21.4909206,-47.37045,2.792536932,735
330,CabService,67,40,06-02-2022,13:53:41,3VW507AT7EM766154,-33.3077816,-66.328463,2.792461895,666
331,Rental,38,84,23-05-2022,00:39:25,3MZBM1K78EM636681,-13.47751,-70.414047,2.792386859,501
332,Rental,80,56,18-02-2022,23:31:20,WAUWFAFL1CA236796,-9.7413641,-36.4580775,2.792311823,434
333,Rental,96,45,17-02-2022,06:41:09,5UMBT93598L472795,58.9195438,17.9393289,2.792236787,584
334,CabService,42,99,27-05-2022,10:20:12,1G6KA5EY4AU611938,45.521519,3.5276642,2.792161751,285
335,CabService,3,84,01-06-2022,12:30:22,1C4PJLAB6FW339977,14.11684,-86.355797,2.792086715,399
336,Rental,90,24,10-07-2021,08:03:35,1FTEW1C89AF087100,-7.45,108.033333,2.792011679,499
337,CabService,26,37,11-09-2021,06:31:52,1D4PT7GX4BW816908,32.235967,110.227954,2.791936643,110
338,CabService,48,2,08-12-2021,13:55:29,WDDEJ9EB3EA983944,11.0849336,39.7291837,2.791861607,379
339,Rental,19,47,28-06-2022,23:16:25,1G6DP57V080828169,38.7683879,139.9177739,2.79178657,391
340,CabService,83,68,04-11-2021,07:26:50,JH4NA216X1T262172,37.868872,116.144417,2.791711534,336
341,Rental,43,32,06-11-2021,08:02:28,JTHBS1BL6D5902823,29.795049,93.850039,2.791636498,57
342,Rental,95,55,21-09-2021,18:48:17,WAUEG98E06A991822,51.5111902,16.263731,2.791561462,117
343,Rental,69,55,14-03-2022,18:50:03,SCBDU3ZA3CC403026,50.0920849,29.5436691,2.791486426,289
344,Rental,88,26,22-04-2022,16:36:28,5UXWX9C50E0018943,28.228209,112.938814,2.79141139,385
345,CabService,21,13,13-01-2022,01:08:24,1D7RV1GP1BS805150,57.8754385,34.068866,2.791336354,485
346,Rental,77,34,11-09-2021,06:25:45,WAUVT68E65A817519,52.0402452,33.9293828,2.791261318,157
347,Rental,75,44,23-12-2021,08:31:08,WAUDFAFL2AA942180,51.725198,75.3150685,2.791186282,911
348,Rental,90,90,31-08-2021,22:11:00,WBABW53415P961818,48.5497476,26.4913564,2.791111246,44
349,Rental,42,97,11-07-2021,12:24:57,1C6RD7FP3CS062730,45.1253665,42.0223291,2.791036209,441
350,CabService,52,11,03-05-2022,00:44:43,2HNYD18805H541196,30.511343,-9.6536246,2.790961173,120
351,CabService,65,22,24-04-2022,17:25:47,JN8AZ2NC9D9736062,-8.6060882,116.1114976,2.790886137,428
352,CabService,57,58,24-05-2022,12:42:05,3LN6L2G94FR384855,49.0965676,-117.71173,2.790811101,494
353,Rental,83,5,08-12-2021,19:28:39,WBA3A5G5XCN617497,38.5574091,-121.4848927,2.790736065,421
354,CabService,41,57,30-03-2022,00:09:35,1D7RV1CP3BS637646,50.0248149,20.6621099,2.790661029,265
355,Rental,32,10,19-11-2021,10:32:21,1GYS4CEF5ER793059,-7.1765167,-47.2923893,2.790585993,827
356,Rental,7,97,22-10-2021,19:45:53,1GYS4EEJ0CR079840,8.2825028,124.711647,2.790510957,556
357,CabService,21,22,30-12-2021,19:46:26,SALME1D4XAA477304,13.6808985,99.4484062,2.790435921,668
358,Rental,82,53,20-06-2022,18:57:05,WAUFMAFC9FN243756,8.3804095,124.2716911,2.790360885,489
359,CabService,83,1,11-04-2022,21:16:10,WAULT58E75A717754,53.9266,31.4779,2.790285848,815
360,Rental,15,8,16-11-2021,10:41:42,SCBLF34F23C979814,40.3942118,44.6854034,2.790210812,202
361,Rental,50,28,22-04-2022,00:40:25,WAUBH78E07A978168,-11.7659957,-75.4723411,2.790135776,46
362,Rental,8,63,20-06-2022,13:07:54,1C4SDHCTXFC984198,37.38198,117.970699,2.79006074,882
363,Rental,27,95,25-12-2021,05:57:44,3N1CN7AP3DL002159,48.9802395,2.612562,2.789985704,87
364,CabService,56,32,05-01-2022,17:19:05,WBAVB73518P492084,50.5878419,13.8083154,2.789910668,551
365,CabService,6,56,18-12-2021,10:20:25,WBAUP93598V821621,32.30798,35.16593,2.789835632,623
366,Rental,56,9,10-04-2022,01:20:07,WBAVT13566A702575,30.741203,121.300071,2.789760596,806
367,Rental,40,100,16-03-2022,15:53:26,3VWKP7AJ7CM070243,30.067176,120.700248,2.78968556,886
368,CabService,78,100,12-01-2022,05:33:35,YV126MFC4F1224451,30.9049366,52.6921001,2.789610524,528
369,Rental,26,32,29-10-2021,16:21:11,SALFP2BG3FH937648,38.5385973,-121.6954666,3.5,906
370,CabService,56,98,16-10-2021,13:57:02,19UUA56972A491179,30.656037,117.489156,2.789535487,892
371,CabService,48,14,05-02-2022,06:52:39,WBA3A5C5XCF046321,52.804249,6.186692,2.789460451,197
372,CabService,96,12,07-03-2022,05:13:14,WAUWFAFR3BA202619,22.3577742,103.2493721,2.789385415,743
373,Rental,46,28,15-12-2021,14:37:55,3D73M3CL9AG149017,-11.7956851,-37.9447996,2.789310379,229
374,Rental,54,30,18-05-2022,12:20:15,1G6DL8EG3A0875056,-6.3474028,106.6825417,2.789235343,607
375,CabService,52,59,06-07-2022,11:56:10,WAUAH98EX8A126788,30.7998721,103.8280655,2.789160307,255
376,CabService,84,40,28-06-2022,11:31:34,YV1612FH2E1921406,52.4934588,82.7806142,2.789085271,51
377,Rental,74,4,27-10-2021,19:46:32,WBAPL5C59BA269506,49.0410029,16.9171327,2.789010235,532
378,Rental,1,98,08-07-2021,23:29:38,WDDHF2EB1DA808757,14.49393,-90.7090795,2.788935199,682
379,Rental,71,50,19-01-2022,01:20:17,3N1BC1CP5CK712910,23.35329,112.339444,2.788860163,823
380,Rental,92,78,18-08-2021,16:48:09,WAUSH78E86A059081,20.1566488,-76.947022,2.788785126,840
381,CabService,6,72,02-10-2021,04:47:37,1G6D05EG1A0079462,-23.5297232,-47.1947232,2.78871009,508
382,Rental,16,57,05-08-2021,22:20:08,WDDEJ7GB2DA228932,42.0040445,21.3760767,2.788635054,605
383,Rental,89,49,06-12-2021,02:14:09,5N1AA0NC3FN592053,18.4670158,-69.8932436,2.788560018,440
384,CabService,79,52,20-03-2022,03:55:02,WVGEF9BP3ED172229,30.2733296,120.1672735,2.788484982,384
385,CabService,51,5,06-04-2022,16:44:34,1GYS3AEF0BR638986,9.47417,-78.96667,2.788409946,965
386,Rental,43,42,28-05-2022,08:41:16,2V4RW3DGXBR098578,42.901533,125.136451,2.78833491,268
387,CabService,82,47,26-07-2021,16:04:08,WBADS43471G016638,22.3154812,89.1114525,2.788259874,309
388,Rental,48,62,01-02-2022,04:07:14,SALGR2VF2EA245714,55.9905778,92.7620647,2.788184838,201
389,CabService,92,33,26-07-2021,09:09:29,KNADH4A30A6244530,12.0718334,1.7879685,2.788109802,916
390,Rental,67,24,14-02-2022,21:05:23,1GYS4MKJXFR631976,59.3409179,18.0754478,2.788034765,787
391,CabService,43,88,04-07-2022,13:46:10,2T3BF4DV8AW580177,14.0707852,120.7601581,2.787959729,414
392,CabService,74,83,11-03-2022,21:10:17,KNDKG3A21A7940113,47.785421,-3.2602564,2.787884693,192
393,Rental,32,2,06-09-2021,01:26:54,1FTEX1C84AK497761,41.6252602,48.6763991,2.787809657,552
394,CabService,34,91,26-04-2022,05:49:22,1GYFK435X9R539246,7.156124,79.949646,2.787734621,442
395,CabService,36,13,01-02-2022,08:43:36,1G4HR54K744579581,42.99082,46.632565,2.787659585,318
396,Rental,23,71,26-11-2021,08:08:39,WBAEV33484P726657,-9.3601019,-77.553344,2.787584549,495
397,CabService,33,90,17-12-2021,00:41:20,JM1NC2PF1F0709015,43.7441795,2.511999,2.787509513,352
398,CabService,87,98,05-04-2022,00:46:29,JTHBE1KS2B0731125,12.9229652,13.5639377,2.787434477,209
399,CabService,79,56,07-09-2021,18:29:28,2GKALMEK3D6647782,-7.7546,114.0625,2.787359441,653
400,Rental,8,14,13-11-2021,21:17:41,WBAEV33474P256203,44.533814,86.325054,2.787284404,678
401,Rental,71,30,05-11-2021,23:58:13,5UXFG2C58E0332458,49.9260217,18.270174,2.787209368,176
402,CabService,61,39,18-10-2021,13:39:36,WAUVVAFR6CA148961,51.2358934,23.5939963,2.787134332,654
403,Rental,77,18,24-05-2022,13:59:20,1G6KS54Y83U741870,30.8851314,-9.0439796,2.787059296,700
404,Rental,36,7,12-04-2022,12:28:32,2C3CCAHG2CH441810,36.728017,10.8536132,2.78698426,772
405,CabService,62,22,12-11-2021,19:49:54,WBAKE5C54CJ179847,41.9720786,-87.7517295,2.786909224,475
406,Rental,2,41,15-11-2021,18:50:14,1G4HR54K83U318619,14.082769,98.193961,2.786834188,123
407,CabService,63,19,16-11-2021,08:12:55,1VWAH7A33CC744500,30.520783,120.145342,2.786759152,357
408,Rental,64,78,16-12-2021,06:20:07,WAU4FBFL4CA580121,37.6583599,126.8320201,2.786684116,453
409,CabService,24,92,24-08-2021,09:57:23,KMHGN4JEXFU257777,63.3568009,27.755804,2.78660908,330
410,Rental,96,96,23-12-2021,03:13:04,1B3CB8HB2AD697940,31.642718,105.170845,2.786534043,750
411,Rental,94,92,11-01-2022,23:20:32,WP0CB2A89CS425197,22.5676118,114.1176652,2.786459007,803
412,Rental,73,64,04-06-2022,06:13:29,WAUVT54B24N339709,51.378691,21.3788326,2.786383971,307
413,Rental,77,45,19-02-2022,18:09:26,YV440MBC6F1286761,13.5712781,-15.3262905,2.786308935,275
414,CabService,84,59,05-08-2021,04:43:36,WBAKX8C50BC075080,34.10885,-118.2234229,2.786233899,408
415,Rental,61,56,16-02-2022,21:57:07,1GD311CG7FZ528787,34.151624,109.323479,2.786158863,621
416,CabService,23,4,30-07-2021,14:12:14,1HGCR2E76EA139850,39.9041999,116.4073963,2.786083827,380
417,CabService,38,22,03-10-2021,04:11:15,KNAFU5A22B5965358,39.609342,112.365875,2.786008791,596
418,CabService,4,97,04-07-2022,11:21:59,1N6AA0EC5DN898587,47.92681,106.9150401,2.785933755,555
419,CabService,68,53,29-09-2021,18:15:25,1GYFC66868R938250,-8.781999,36.3608819,2.785858718,487
420,Rental,4,60,25-05-2022,05:15:35,WAULD64B83N251210,50.0231437,14.4142733,2.785783682,190
421,Rental,62,34,05-07-2021,06:47:30,1FTWW3B59AE850195,32.2342478,-111.0033984,2.785708646,392
422,Rental,18,22,25-07-2021,11:36:02,1FTWX3D59AE045467,50.817118,18.880399,2.78563361,89
423,Rental,91,41,08-07-2021,11:46:25,WBAUC9C57BV241755,5.31494,95.9706,2.785558574,993
424,Rental,32,4,21-09-2021,05:56:02,1G6DG577890351669,54.2907459,47.3722118,2.785483538,443
425,Rental,10,3,02-06-2022,05:05:48,3C63DRKL0CG447934,32.9271287,66.1415263,2.785408502,320
426,CabService,55,46,13-01-2022,00:29:44,WBAWC3C50AP419997,39.7007906,140.9596925,2.785333466,979
427,CabService,3,23,07-02-2022,01:05:05,JH4CU2F68BC172608,38.4499141,141.3800956,2.78525843,270
428,Rental,25,95,17-01-2022,08:59:27,2C4RDGBG7DR878745,-19.9454604,-43.4876311,2.785183394,266
429,Rental,91,63,03-07-2021,11:18:44,KNDJN2A23F7443390,-8.639266,122.281829,2.785108357,705
430,Rental,69,10,13-05-2022,15:01:42,4T1BF3EK3BU453281,57.6902027,11.9070339,2.785033321,999
431,CabService,43,21,24-12-2021,05:22:41,KNAFU6A23A5138733,45.4693392,-73.4848038,2.784958285,935
432,Rental,84,74,04-04-2022,11:05:20,WBAEV33403K620327,-6.9918507,106.5878723,2.784883249,345
433,Rental,44,25,26-11-2021,02:13:39,1GYS3JEF3DR179777,42.891255,129.508945,2.784808213,968
434,CabService,99,54,10-04-2022,21:30:51,2HNYD2H21DH430429,54.0083923,18.7471205,2.784733177,204
435,CabService,36,85,12-10-2021,19:52:34,WAUKF98EX7A444130,-8.3628,123.3026,2.784658141,641
436,CabService,87,52,26-10-2021,07:14:54,KNAFK4A6XE5512144,14.6291868,121.0893745,2.784583105,121
437,CabService,9,62,05-01-2022,14:26:48,WBAPN7C59AA133252,-3.112524,115.0406679,2.784508069,279
438,Rental,1,52,05-05-2022,04:01:07,WVGEF9BP5ED502033,55.49567,38.65064,2.784433033,200
439,Rental,4,68,05-04-2022,16:59:02,WAUKF98E68A683420,7.9855625,125.1375831,2.784357996,351
440,Rental,18,94,01-01-2022,03:45:09,WAUEF78E17A825091,34.995728,104.655337,2.78428296,190
441,Rental,66,89,10-04-2022,20:52:30,WBAEV33472K692902,55.900378,37.387813,2.784207924,476
442,CabService,27,33,04-12-2021,10:53:09,5TFBW5F18BX119848,20.044412,110.198286,2.784132888,656
443,CabService,81,99,12-02-2022,08:54:36,2C3CDZBG1FH086153,37.5599805,127.0051893,2.784057852,249
444,Rental,94,15,29-03-2022,11:30:56,WAULT68E25A210525,8.3793172,124.8830509,2.783982816,359
445,Rental,84,20,06-03-2022,07:55:01,1GKS1HE03CR129447,10.2600338,123.958258,2.78390778,563
446,Rental,96,40,13-12-2021,21:11:43,19XFA1E55AE020237,46.2961712,14.8062347,2.783832744,591
447,Rental,78,74,08-12-2021,13:54:50,WAUFL44D33N300769,28.369399,116.546998,2.783757708,809
448,Rental,81,39,13-10-2021,14:15:32,1G6AY5SX9F0192941,40.7111516,-8.3715201,2.783682672,326
449,Rental,92,24,23-10-2021,16:42:50,3D73Y4HL6AG389001,41.1645867,-7.7937927,2.783607635,783
450,Rental,52,21,31-08-2021,22:35:33,5J6TF2H52DL779083,7.8086531,-80.2711588,2.783532599,340
451,Rental,31,20,29-01-2022,08:39:21,1GD022CG0CZ876433,50.3485458,39.6505372,2.783457563,215
452,Rental,42,41,18-08-2021,08:50:29,1G6DM57T560276768,41.56,-73.05,2.783382527,530
453,CabService,53,44,09-09-2021,22:19:15,1G6DE5E51D0590089,-27.8846801,25.1533426,2.783307491,639
454,CabService,27,13,01-11-2021,07:13:46,WBA4A9C58FD315802,27.951331,92.009188,2.783232455,252
455,Rental,41,100,15-05-2022,02:01:48,55SWF4JB0FU159948,40.417358,117.500558,2.783157419,879
456,Rental,53,52,09-07-2022,04:41:20,WBAKX8C54BC530979,-8.6610802,115.2431682,2.783082383,112
457,Rental,93,51,02-10-2021,20:45:18,WBAAZ334X3K674303,42.0480121,-8.3359459,2.783007347,618
458,CabService,9,49,16-07-2021,00:56:45,1G6KF57952U564878,-6.4306844,106.7175669,2.782932311,784
459,CabService,76,90,04-07-2021,00:41:31,2C3CDXCT2DH489040,-8.2660783,-77.8524505,2.782857274,718
460,CabService,3,73,30-03-2022,18:47:14,SAJWA4EB9EL332468,6.2894715,8.8803925,2.782782238,70
461,CabService,74,81,16-05-2022,21:31:39,19XFB2F25CE087169,-6.2078779,106.8333249,2.782707202,370
462,CabService,69,13,02-05-2022,14:04:18,3C4PDCAB6FT878712,14.156592,122.830067,2.782632166,671
463,CabService,65,50,17-09-2021,10:42:45,JN1AZ4EH8AM150841,-4.5329418,105.2077798,2.78255713,88
464,CabService,92,8,19-10-2021,22:32:43,5N1AN0NU5AC354092,39.109563,117.223371,2.782482094,137
465,Rental,51,19,20-05-2022,02:11:19,2C4JRGAG3DR139534,55.662882,37.5826719,2.782407058,978
466,Rental,20,25,01-07-2021,08:28:31,1G6AL5SX4D0549521,51.6561,35.9314,2.782332022,78
467,Rental,97,35,06-05-2022,15:35:09,WAUBF98E18A378617,34.6911,106.221144,2.782256986,34
468,Rental,24,33,02-04-2022,15:12:20,WAUVT58E23A909038,-19.5354306,45.4615785,2.78218195,665
469,Rental,15,9,15-02-2022,22:01:34,WBAWB73589P760571,43.32756,76.840271,2.782106913,439
470,Rental,6,57,22-07-2021,09:05:02,2G61V5S81F9104598,-8.8043,121.5146,2.782031877,466
471,Rental,94,15,03-03-2022,16:38:21,1G6KD57Y65U618772,-6.8380439,111.4901903,2.781956841,643
472,Rental,37,69,24-03-2022,17:59:24,WVWAN7AN7DE950096,1.8372299,73.5049293,2.781881805,284
473,Rental,18,32,02-10-2021,00:11:00,TRUSX28N511947844,44.7051702,18.3104025,2.781806769,337
474,CabService,80,95,21-01-2022,10:47:43,5UXZV4C56DL620684,-2.3496095,29.7512903,2.781731733,926
475,CabService,37,99,07-02-2022,17:24:08,SCFEBBAK6EG659082,55.9186612,59.9854105,2.781656697,193
476,CabService,68,98,06-09-2021,16:05:26,SCFAD02A06G199566,45.01,-93.65,2.781581661,431
477,Rental,53,13,17-01-2022,21:15:03,WAUHFAFL8BA599166,53.3122864,-6.336393,2.781506625,891
478,CabService,92,68,12-03-2022,10:18:54,SCFAD22303K515196,-8.8165,116.5307,2.781431589,719
479,Rental,82,36,22-10-2021,03:33:45,1G6DN56S250526925,40.74,-74.17,2.781356552,132
480,Rental,43,37,26-11-2021,10:19:09,WAUFL44DX3N375713,21.918725,111.053561,2.781281516,415
481,Rental,8,21,12-08-2021,04:05:16,JN8AF5MV8FT289047,-23.3866812,-48.7218983,2.78120648,757
482,CabService,99,6,06-04-2022,16:59:03,WAUVFAFR7BA454367,0.4568473,101.4046099,2.781131444,253
483,CabService,70,20,13-06-2022,05:30:58,WAUVT58E52A863283,-33.1228052,-58.2975552,2.781056408,560
484,CabService,26,42,30-11-2021,08:39:24,WBA6B2C57FD170099,53.36117,14.8784944,2.780981372,944
485,Rental,92,53,20-10-2021,02:58:12,WBSBR93421E318152,14.5643332,121.1334952,2.780906336,129
486,CabService,34,53,26-12-2021,16:43:25,WBAYG6C57FD254456,24.31049,116.116695,2.7808313,234
487,Rental,70,1,06-02-2022,03:58:15,WAUEL94F86N398308,-13.4605423,24.9932143,2.780756264,287
488,CabService,44,29,06-08-2021,02:34:10,KNAFT4A26C5030973,31.540397,118.486745,2.780681228,506
489,Rental,35,77,15-06-2022,04:02:44,3GYFNCE32FS274991,41.0610542,24.9613827,2.780606191,534
490,Rental,65,7,25-02-2022,12:52:13,JM3TB2MA0A0876484,39.672791,113.732809,2.780531155,819
491,CabService,76,51,27-11-2021,14:08:26,3C3CFFERXFT863751,-8.3980126,117.1470637,2.780456119,694
492,CabService,83,97,12-09-2021,11:13:09,WAUEH78E98A143488,44.18333,15.65,2.5,423
493,CabService,18,83,01-01-2022,15:38:10,JTHFE2C20C2889412,32.687733,112.087455,2.780381083,822
494,Rental,60,6,08-08-2021,03:25:36,WBAKB4C53BC084640,51.3842543,58.9999439,2.780306047,224
495,CabService,10,75,13-01-2022,17:05:30,2C3CCARG3DH940079,38.3628307,-0.5210565,2.780231011,99
496,CabService,87,6,10-12-2021,07:24:58,SALWG2WF2EA494420,16.0271237,-3.9878427,2.780155975,854
497,CabService,26,52,08-08-2021,01:22:10,WAUAGAFD6EN979286,24.025746,108.355335,2.780080939,360
498,Rental,94,80,07-02-2022,23:25:13,3D7TP2CT0AG724445,29.509067,110.300741,2.780005903,482
499,Rental,66,63,30-09-2021,17:18:47,1GTN1TEX5DZ273012,-8.0057853,112.7621319,2.779930866,582
500,CabService,60,64,28-08-2021,17:54:10,5UXZV4C54BL374652,31.775967,111.846264,2.77985583,65
501,CabService,32,65,01-12-2021,22:00:40,5N1AR2MM5FC317195,38.0244455,140.0946079,2.779780794,690
502,CabService,79,48,30-12-2021,03:09:37,WAULD64B74N714424,17.5358596,121.6851715,2.779705758,176
503,Rental,24,98,14-02-2022,14:57:26,SCFEBBEL7DG160972,59.8505671,17.6418492,2.779630722,159
504,CabService,25,4,09-08-2021,01:06:31,WAUEH98EX8A840356,54.6312426,18.3642669,2.779555686,272
505,CabService,54,38,26-08-2021,23:37:18,WBAWC7C59AE201012,29.8677682,67.3202088,2.77948065,950
506,CabService,14,41,08-07-2021,15:59:49,1N6AA0CJ2EN418346,45.9184314,40.1587542,2.779405614,612
507,Rental,65,59,16-07-2021,07:12:19,JH4DC43571S919909,45.97927,-81.9248,2.779330578,125
508,Rental,17,56,13-10-2021,10:54:05,TRUWT28N341787190,49.871007,17.8758236,2.779255542,777
509,CabService,74,9,13-07-2022,16:51:06,1G6DM5EGXA0328121,58.9918209,55.1890813,2.779180505,174
510,Rental,26,78,11-03-2022,20:19:08,1GD12ZCG5CF891847,37.444498,114.498761,2.779105469,628
511,CabService,89,6,25-06-2022,14:57:57,WBAVT73578F561122,47.7016459,37.4209877,2.779030433,922
512,Rental,50,99,04-03-2022,16:47:39,2G4GT5GX1E9296001,8.0708562,125.9551406,2.778955397,353
513,Rental,95,55,23-07-2021,17:23:07,WUARL48HX7K236608,42.65,103.8,2.778880361,232
514,CabService,28,23,14-07-2022,13:21:05,YV126MFCXF1390876,28.260189,117.069202,2.778805325,36
515,Rental,59,86,16-10-2021,14:11:27,WAU3VAFR7CA316727,36.494677,117.694692,2.778730289,862
516,Rental,91,9,20-01-2022,16:36:32,2T1BU4EE5CC732434,33.844582,115.778676,2.778655253,363
517,Rental,12,33,31-12-2021,06:57:32,2C3CCAJG7EH750072,-26.8191146,-55.0182151,2.778580217,108
518,CabService,16,45,17-07-2021,08:12:10,19UUB3F59FA958929,55.4602073,50.1454514,2.778505181,662
519,Rental,50,50,23-05-2022,04:33:40,2T1KU4EE0DC750213,9.5279875,31.6682347,2.778430144,578
520,Rental,13,16,15-03-2022,21:12:21,5N1AN0NU4AC221579,35.585575,119.761775,2.778355108,781
521,Rental,99,59,07-01-2022,14:54:09,WBADS43481G973005,56.232836,43.8367278,2.778280072,238
522,CabService,92,1,16-12-2021,10:17:23,WA1VMBFE5BD604853,-29.4799379,-51.7994632,2.778205036,836
523,Rental,1,2,06-11-2021,08:27:53,WDDHF2EB6DA780082,21.1078535,-101.694732,2.77813,39
524,CabService,42,61,09-06-2022,11:20:35,WAUDT48H55K137485,49.7634887,129.7905786,2.778054964,283
525,CabService,51,49,18-09-2021,04:00:16,WAUVT68EX5A012851,28.2279,118.036796,2.777979928,258
526,Rental,27,15,13-03-2022,04:33:29,19UUA8F57DA024569,37.2512312,21.6694441,2.777904892,462
527,CabService,61,42,23-03-2022,02:44:26,19UUB2F35FA885079,56.4342328,37.1584572,2.777829856,458
528,CabService,96,31,11-03-2022,00:44:26,1B3CB7HB6AD651621,42.2971095,-71.4720787,2.77775482,848
529,Rental,8,44,29-06-2022,03:29:47,KL4CJCSB2DB298551,44.0698918,22.0985086,2.777679783,471
530,Rental,75,91,30-08-2021,19:44:28,WUALNAFG8EN937555,57.6624125,14.7061761,2.777604747,616
531,Rental,86,3,15-10-2021,01:29:41,WAUHF78P88A942005,48.7724625,2.2161608,2.777529711,401
532,CabService,18,68,28-06-2022,09:59:09,1GYFC36259R873760,38.7519042,-9.4389381,2.777454675,175
533,Rental,21,43,03-07-2022,06:56:17,1G6AH5RX3E0181342,48.294118,4.0675057,2.777379639,865
534,Rental,69,86,19-09-2021,04:01:15,1GYUCAEF9AR723607,21.918203,110.853299,2.777304603,343
535,CabService,49,84,18-11-2021,12:43:13,WBA3X5C56FD402309,-29.6509722,-50.7757844,2.777229567,837
536,CabService,14,54,22-05-2022,18:04:01,1GYS3KEF5CR363803,28.80901,120.26121,2.777154531,604
537,Rental,1,91,29-11-2021,00:53:59,1N4AL2AP4CC890031,51.0845418,13.6458926,2.777079495,267
538,Rental,90,28,13-09-2021,00:01:02,WAUNG74F39N956708,59.3289759,18.0651149,2.777004459,964
539,CabService,78,51,09-08-2021,18:46:59,1GYS4GKJ7FR701922,13.1314524,102.2104821,2.776929422,553
540,CabService,75,22,06-10-2021,01:54:43,1J4NF1GB3AD150156,44.1675867,2.0308233,2.776854386,638
541,CabService,77,84,11-12-2021,12:58:30,1GYEE437990994906,10.2166111,-83.7819816,2.77677935,406
542,CabService,62,24,18-08-2021,20:12:04,3C3CFFFH2FT500270,6.2245859,101.8109253,2.776704314,180
543,CabService,3,74,12-01-2022,22:29:56,WAUFL44D03N062962,37.8334351,23.802873,2.776629278,369
544,CabService,88,26,26-04-2022,18:56:07,TRUDD38J791415186,45.33333,97.98333,2.776554242,33
545,Rental,2,63,30-06-2022,08:40:43,3VW507ATXFM973686,41.0753802,-8.1202831,2.776479206,789
546,Rental,4,1,01-10-2021,06:44:43,JN8AZ1MU3CW711727,32.8335722,35.9642215,2.77640417,425
547,Rental,96,71,27-03-2022,08:59:26,3D7TT2HT4BG400162,44.3338201,85.6264576,2.776329134,208
548,Rental,49,86,01-09-2021,20:09:07,WAUFFAFL6FA251573,-18.0065679,-70.2462741,2.776254098,669
549,Rental,99,43,02-08-2021,16:25:16,1FMHK7B87CG255466,28.3683182,83.2934086,2.776179061,523
550,CabService,26,13,15-05-2022,21:48:10,2G4WS52J321201711,7.7688818,125.8239543,2.776104025,595
551,CabService,68,39,28-01-2022,17:41:47,WBSBR93441E858506,10.3827887,-9.3118282,2.776028989,236
552,Rental,81,31,26-08-2021,17:22:50,JTEBU4BF0DK004240,-6.9888,113.0036,2.775953953,298
553,Rental,22,71,02-03-2022,23:26:19,WAUA2AFD3EN380568,50.8075698,21.8528832,2.775878917,300
554,CabService,81,14,04-04-2022,06:58:07,WAUHF98P68A303505,30.274084,120.15507,2.775803881,847
555,CabService,26,22,14-09-2021,21:22:44,137FA84311E506163,14.2512158,121.0499837,2.775728845,231
556,CabService,13,31,12-01-2022,15:46:00,WVGFF9BP9BD659676,-5.018945,119.572183,2.775653809,660
557,Rental,32,25,04-05-2022,19:45:44,4T3BA3BBXBU548771,18.0616657,37.8087693,2.775578773,795
558,CabService,92,2,01-10-2021,12:58:39,1N6AA0CA4DN377491,-22.6053393,-46.914966,2.775503737,409
559,Rental,87,34,19-02-2022,14:07:51,3D73M3CL4BG187465,59.85299,30.245977,2.7754287,858
560,CabService,92,36,30-04-2022,03:47:03,WAUSF78E86A677748,16.2725431,107.9394761,2.775353664,512
561,Rental,37,70,11-11-2021,20:15:10,WBAWR3C54AP516022,27.481873,88.907258,2.775278628,962
562,CabService,65,50,07-06-2022,13:53:38,4T1BK1EB3EU473521,49.059828,6.154795,2.775203592,515
563,Rental,90,40,26-12-2021,20:28:24,JM1NC2MF7D0674854,-14.65067,-75.0634,2.775128556,362
564,CabService,96,49,10-07-2021,15:47:16,WBAFV3C59ED091271,17.1333332,122.1333313,2.77505352,219
565,CabService,68,22,25-12-2021,16:40:16,JH4CU4F4XAC902415,46.1223915,-74.5838514,2.774978484,771
566,Rental,93,60,08-09-2021,04:43:36,WBAWC7C5XAP669495,-7.0309341,107.4035157,2.774903448,424
567,CabService,86,7,01-07-2022,12:01:55,1G4GG5G32DF820232,13.204053,108.2080973,2.774828412,63
568,Rental,40,28,30-05-2022,06:41:05,WAULC58E72A191198,9.618277,123.477572,2.774753376,311
569,Rental,54,40,02-12-2021,18:35:14,WBANV13548B560749,58.4172101,15.6066694,2.774678339,883
570,CabService,88,78,31-12-2021,13:33:26,TRUTC28NX31399083,24.723961,116.732091,2.774603303,931
571,CabService,86,5,03-07-2022,00:09:30,1YVHZ8BH7A5255219,7.9107391,98.3337983,2.774528267,128
572,CabService,58,47,14-11-2021,08:38:03,JA32X2HU3BU193794,50.3257904,19.0018119,2.774453231,366
573,Rental,91,7,03-08-2021,22:34:16,WAUPEAFM9DA775846,-34.6126133,-58.5677879,2.774378195,94
574,CabService,53,86,02-12-2021,10:00:14,WP0AB2A8XFK707232,14.1967923,121.4019727,2.774303159,901
575,Rental,74,6,11-05-2022,21:14:29,3C4PDCBB6CT540124,10.5082417,12.3306392,2.774228123,93
576,Rental,14,45,28-07-2021,14:22:44,1FTMF1E85AF185419,29.461194,110.152436,2.774153087,714
577,CabService,10,89,30-03-2022,16:58:54,WA1AV74L29D687310,34.26645,108.960747,2.774078051,45
578,CabService,55,73,27-04-2022,06:55:02,JH4DC538X6S674546,10.5280095,106.4994889,2.774003014,863
579,Rental,28,92,06-07-2022,13:49:28,WBAAV33481E839644,43.438342,126.330439,2.773927978,322
580,CabService,10,84,13-12-2021,08:18:49,1G6DH577380676886,57.7306723,12.0586546,2.773852942,374
581,Rental,66,57,22-03-2022,04:25:42,WA1YL64B94N064601,10.4597466,-66.5581092,2.773777906,539
582,CabService,43,5,17-09-2021,11:48:43,1N4AA5AP7BC519449,34.759314,108.992603,2.77370287,938
583,Rental,52,51,15-10-2021,04:09:14,WA1DGBFE5BD664943,38.683885,-8.6109719,2.773627834,149
584,CabService,95,96,11-10-2021,09:49:46,3GYFNEE37DS994991,32.010214,119.606439,2.773552798,734
585,CabService,28,89,30-12-2021,16:33:14,WUAAU34219N881431,30.172782,111.0765,2.773477762,80
586,CabService,90,45,10-06-2022,13:08:00,WAUBVAFB1BN534359,43.899227,-79.273304,2.773402726,785
587,Rental,92,51,14-07-2021,01:10:38,SALFP2BN1AH862522,39.221631,97.971276,2.77332769,142
588,CabService,67,93,11-09-2021,16:52:04,WAUGL68E35A510155,-18.9732399,-40.7361322,2.773252653,511
589,Rental,86,73,12-02-2022,08:58:41,YV1902FH5D2189863,44.5652451,17.5341531,2.773177617,967
590,CabService,42,17,21-06-2022,20:25:40,WBSBR93482E782449,25.8626983,69.1193694,2.773102581,181
591,CabService,45,78,19-08-2021,06:19:31,WAUGL98EX7A667055,22.543096,114.057865,2.773027545,675
592,Rental,66,54,04-11-2021,07:41:05,5N1BA0ND6FN669446,59.2421439,14.2330452,2.772952509,703
593,Rental,54,32,21-05-2022,20:56:06,3G5DA03L56S065942,30.823054,110.973252,2.772877473,524
594,CabService,68,29,25-03-2022,04:28:13,1FTEX1CM7BK315386,41.4043131,-8.233117,2.772802437,696
595,CabService,80,84,08-07-2022,02:59:10,JTDZN3EU5EJ367032,41.0640026,25.6858475,2.772727401,864
596,CabService,3,8,04-07-2022,23:25:16,WBAEW53434P208299,37.9346483,22.8455989,2.772652365,220
597,CabService,47,16,30-06-2022,05:25:48,1FTEW1CW9AF742452,-34.8411832,-58.4389753,2.772577329,429
598,Rental,51,30,16-03-2022,21:13:23,WA1AY94L38D091673,-8.0075658,-35.0221895,2.772502292,990
599,Rental,67,7,17-01-2022,11:58:00,1B3CB3HAXBD714916,33.347316,120.16366,2.772427256,68
600,Rental,70,22,26-06-2022,06:41:26,1GD21ZCG7CZ195173,50.1369112,-96.8791564,2.77235222,996
601,CabService,8,72,08-06-2022,18:48:00,1FTSW2A53AE530199,22.2866176,114.148724,2.772277184,851
602,Rental,33,19,27-07-2021,00:02:37,4T1BK3DB5BU714990,-2.688962,111.622398,2.772202148,216
603,Rental,77,40,24-12-2021,17:41:57,1G6KD57YX6U968407,32.00018,35.28152,2.772127112,575
604,CabService,5,23,15-06-2022,20:14:58,1GYUCEEJ9AR900037,43.4945737,5.8978018,2.772052076,608
605,CabService,89,23,20-01-2022,13:59:58,1G4HP54K244787826,-6.6111441,106.8473377,2.77197704,692
606,Rental,34,76,11-02-2022,11:37:25,1C4RDHAG5DC455369,2.481207,-76.6990172,2.771902004,773
607,CabService,63,72,13-08-2021,03:37:36,3D73M4CL1BG373051,32.629398,110.798266,2.771826968,955
608,CabService,28,69,21-11-2021,03:42:15,WA1WMAFE3CD671600,59.4369608,24.7535747,2.771751931,816
609,Rental,87,80,23-02-2022,21:41:07,1FTEX1C84AF054342,31.385848,94.427663,2.771676895,451
610,CabService,81,26,26-08-2021,07:31:24,WDDUG7GB1FA283692,-7.7701645,110.6511592,2.771601859,198
611,CabService,67,24,23-01-2022,02:23:04,1FTEX1E83AF273984,47.9195813,106.9211984,2.771526823,640
612,CabService,77,64,31-01-2022,09:07:18,1G6DP577270479371,27.100102,68.3711064,2.771451787,966
613,CabService,89,62,29-08-2021,06:48:36,1G6YV36A765567942,-6.7062035,111.1518552,2.771376751,371
614,Rental,100,25,20-07-2021,19:18:33,JTJHY7AX2A4208114,16.67064,121.71581,2.771301715,278
615,CabService,47,8,20-09-2021,02:01:24,JM1BL1L34D1494911,44.8855006,1.2172257,4,545
616,Rental,79,62,10-07-2021,07:57:57,1G6DL67A990172067,46.5641539,16.443954,2.771226679,572
617,Rental,99,12,06-11-2021,05:57:21,SALVN2BGXFH996827,48.4242028,142.0863655,2.771151643,739
618,CabService,67,69,23-07-2021,05:12:46,SCFFDCCD8AG947084,-6.9322,113.0284,2.771076607,767
619,Rental,89,66,18-01-2022,04:58:56,JN8AE2KPXC9322760,49.902219,20.636949,2.77100157,876
620,Rental,46,86,28-02-2022,11:22:24,JN1CV6FE3FM325833,9.562371,118.439613,2.770926534,590
621,Rental,19,24,15-05-2022,13:44:59,4USDU53578L126547,9.2633053,-75.1927805,2.770851498,593
622,Rental,46,33,12-03-2022,11:16:33,1C6RD7JT3CS887218,14.3679657,121.0504535,2.770776462,147
623,CabService,75,69,27-07-2021,20:44:11,1N6AD0CU0BC227162,16.4267638,103.1048449,2.770701426,133
624,CabService,29,68,14-01-2022,18:53:00,KNADM5A35D6433311,49.9451487,29.4560736,2.77062639,849
625,Rental,21,24,18-02-2022,08:41:24,WAUMFAFR3FA921981,-17.0806813,-40.9387356,2.770551354,378
626,Rental,6,74,27-04-2022,05:49:01,JN1AZ4EH0DM757336,-34.5128294,-58.5125025,2.770476318,331
627,CabService,50,44,24-01-2022,01:33:44,SCBLE47K98C843592,32.0302286,-6.7969224,2.770401282,630
628,CabService,96,19,01-11-2021,20:01:09,1C4SDHCT0DC093480,23.090823,113.74595,2.770326246,154
629,Rental,53,21,02-08-2021,23:28:22,WAUXD68D62A089015,54.2223118,-10.0320886,2.770251209,893
630,Rental,49,68,08-09-2021,13:37:20,1FTNS2EW6AD380803,12.4896877,106.0287512,2.770176173,797
631,Rental,7,28,10-05-2022,09:53:06,5YMGY0C50CL090873,11.6155109,104.3791912,2.770101137,807
632,CabService,51,53,08-09-2021,10:48:33,WBA3B3G51FN814032,31.364902,108.249509,2.770026101,447
633,Rental,94,99,19-03-2022,21:24:45,JN1AZ4EH5CM438173,49.8417042,5.1214901,2.769951065,301
634,Rental,57,6,17-01-2022,18:26:33,1G4HE5EM8AU433584,16.0765691,97.5843171,2.769876029,155
635,CabService,72,77,26-11-2021,02:25:45,WBAGN63564D478641,6.9815445,80.7647336,2.769800993,59
636,CabService,87,77,10-10-2021,08:46:00,WDDNG9FB9DA236666,38.3628307,-0.5210565,2.769725957,646
637,Rental,63,77,04-06-2022,21:30:57,5FNYF3H45FB129808,23.674387,116.628627,2.769650921,691
638,Rental,8,10,01-11-2021,08:29:31,1G6DV1EP4F0907134,40.5369108,21.2582079,2.769575885,988
639,CabService,29,1,03-07-2022,16:56:13,YV4940BL8D1422162,51.90218,19.6055101,2.769500848,188
640,CabService,9,18,26-12-2021,17:20:45,YV126MEDXF1477641,53.180879,17.0835566,2.769425812,997
641,Rental,87,20,13-02-2022,01:38:04,2T1BURHEXFC370825,58.5594907,15.282715,2.769350776,538
642,Rental,90,65,12-07-2021,03:23:58,JHMFA3F23AS697315,46.2003906,14.5829648,2.76927574,519
643,Rental,60,96,17-07-2022,18:04:41,1G6AB5SX8F0716775,50.0384685,22.0969371,2.769200704,622
644,CabService,87,73,11-08-2021,04:32:45,WBSPM9C57BE690150,43.4945737,5.8978018,2.769125668,259
645,Rental,21,24,06-11-2021,19:53:59,1G6KF54965U534295,-9.6996,119.436,2.769050632,535
646,Rental,76,67,21-09-2021,04:16:28,JN8AZ2KR7AT131089,-6.9662696,107.4492746,2.768975596,218
647,Rental,92,9,01-07-2021,21:45:00,TRUDD38J981459107,36.557474,116.747092,2.76890056,684
648,CabService,90,13,13-07-2022,05:52:51,WBAFU9C56CC715522,45.161017,1.663862,2.768825524,286
649,Rental,32,1,08-12-2021,16:23:02,WA1YD64B03N966937,40.211932,-8.8417565,2.768750487,909
650,CabService,77,95,03-12-2021,04:58:09,WVWED7AJ5CW797647,46.9792838,35.4217024,2.768675451,852
651,Rental,6,97,15-03-2022,08:09:17,JH4NA12604T518137,-21.357789,-46.1496185,2.768600415,689
652,CabService,48,66,06-12-2021,16:44:36,4JGBB2FB8AA525158,42.12215,60.06276,2.768525379,71
653,CabService,33,77,30-03-2022,10:51:32,JTHBB1BA4B2905104,37.515114,103.575676,2.768450343,145
654,CabService,34,28,03-11-2021,08:07:36,5UMCN93452L665006,-7.0626852,107.0663524,2.768375307,417
655,Rental,18,5,20-01-2022,11:09:23,1FTEX1CM9DF005297,39.618462,113.536462,2.768300271,323
656,Rental,56,41,15-06-2022,10:15:48,WBALM5C58BE973720,49.6617223,22.1053444,2.768225235,167
657,CabService,53,77,09-05-2022,01:46:35,WBA3B9C54EJ220503,33.0517157,68.0149609,2.768150199,729
658,CabService,23,84,26-05-2022,20:58:19,19VDE1F53FE457261,31.032243,121.227747,2.768075162,674
659,Rental,69,41,26-09-2021,14:19:26,JN1AY1AP2DM031086,8.920465,125.008956,2.768000126,269
660,CabService,40,6,24-09-2021,22:52:40,SAJWA4EC2BM353886,56.0956089,27.532459,2.76792509,550
661,CabService,75,99,30-04-2022,04:49:27,2C3CDZBT1FH823056,14.4612646,100.5577407,2.767850054,339
662,CabService,46,83,27-10-2021,17:03:53,JH4CU2F69BC045947,43.6777677,7.1492431,2.767775018,194
663,CabService,47,9,02-06-2022,09:33:48,YV126MFJ2F1183798,7.467576,124.253569,2.767699982,77
664,CabService,69,65,19-11-2021,10:07:10,KMHFC4DF0BA849576,50.8137495,-119.6934422,2.767624946,478
665,CabService,15,81,24-11-2021,20:02:55,3GTXKYEJ3AG701721,1.0725136,121.499885,2.76754991,884
666,Rental,85,71,26-07-2021,04:06:44,JH4DC54834S027126,30.671701,-96.3438274,2.767474874,37
667,CabService,36,97,05-12-2021,10:05:06,1D7RB1CT3AS255346,44.849143,34.3106713,2.767399838,164
668,Rental,12,29,12-10-2021,04:39:46,1GYEE637390702596,48.816388,44.4777899,2.767324801,973
669,CabService,24,42,04-09-2021,15:25:40,JH4KA96614C725468,58.9195438,17.9393289,2.767249765,873
670,Rental,66,45,13-11-2021,10:47:42,WUAUUAFG9EN958907,-7.0416627,110.3998007,2.767174729,464
671,Rental,51,74,01-11-2021,17:04:54,JN8AF5MR9ET641375,-33.0482707,-71.4408752,2.767099693,527
672,CabService,41,45,17-08-2021,05:00:33,1C3CCBCG3DN438355,39.61335,-8.9519943,2.767024657,770
673,Rental,87,1,15-11-2021,07:16:03,JHMZE2H37CS709308,17.9567646,-102.1943485,2.766949621,107
674,CabService,83,84,03-02-2022,00:25:52,1G6AJ1RX5F0134554,52.3468215,21.2540462,2.766874585,698
675,CabService,97,70,17-03-2022,15:49:48,WBANW53508C354973,27.4378935,30.8162909,2.766799549,726
676,CabService,13,21,17-07-2022,16:34:12,1GYS3GEF4BR300221,37.365238,120.44763,2.766724513,445
677,CabService,71,96,07-10-2021,21:49:05,YV126MEB8F1247126,36.276526,109.351019,2.766649477,732
678,CabService,59,10,20-11-2021,13:19:44,3VW1K7AJ4FM661600,31.762742,120.113289,2.76657444,939
679,CabService,9,33,29-05-2022,14:01:31,WBA3B5C54FP045063,-9.1896778,-77.7130151,2.766499404,134
680,Rental,11,72,13-02-2022,06:27:01,WA1CFBFPXBA057504,-34.5484605,-58.5717015,2.766424368,237
681,CabService,95,99,21-07-2021,00:09:27,WDDNG7BB9AA906996,54.2490828,18.8664712,2.766349332,67
682,Rental,41,47,05-02-2022,01:53:00,WAUSF98E77A999942,-9.922886,38.328209,2.766274296,823
683,Rental,12,98,02-05-2022,16:02:03,WUADNAFGXAN064289,51.6984754,20.934244,2.76619926,570
684,Rental,3,83,25-08-2021,11:17:08,1G4GC5GR7CF936573,4.0568941,96.2468873,2.766124224,122
685,CabService,92,60,03-11-2021,09:07:04,5TDBM5G15CS425563,12.50337,124.286825,2.766049188,151
686,CabService,78,78,06-02-2022,14:22:42,1FT7W2A69EE536903,-23.9793102,-48.8768997,2.765974152,169
687,Rental,57,49,25-01-2022,11:26:33,JA32U2FUXEU859467,49.2696303,98.9929867,2.765899116,810
688,CabService,27,19,07-09-2021,11:01:44,5UXFB93572L722484,42.896428,130.585349,2.765824079,513
689,Rental,30,53,11-05-2022,20:49:40,1G6DU6EV3A0956073,48.7277622,100.7724281,2.765749043,600
690,CabService,26,41,29-11-2021,00:41:14,WBXPC9C44AW228528,8.7814708,167.7373396,2.765674007,225
691,Rental,33,53,25-07-2021,14:42:56,1G6DU6EA9A0416076,38.02,-122.55,2.765598971,510
692,CabService,2,40,28-11-2021,02:05:12,WUAW2BFC9FN091270,0.5142775,35.2697802,2.765523935,79
693,CabService,66,65,21-02-2022,09:36:06,KMHGH4JH7FU567273,32.244032,35.064616,2.765448899,800
694,CabService,69,25,12-07-2021,00:18:44,WDDGF4HB5EA178889,49.9792606,15.2092621,2.765373863,782
695,Rental,29,100,19-08-2021,23:34:47,WP0AA2A92CS797791,-29.3652193,-51.9580164,2.765298827,940
696,CabService,47,17,28-03-2022,13:49:23,WAU2GAFCXEN743140,6.9955119,79.882999,2.765223791,811
697,CabService,81,48,04-10-2021,21:30:53,WP0CB2A8XCS332415,9.297858,-64.3490085,2.765148755,473
698,CabService,46,87,29-05-2022,16:53:23,TRUDD38J291371484,43.7190199,44.4852966,2.765073718,932
699,CabService,53,77,25-01-2022,03:57:52,WAUSH78E08A740340,-24.30724,29.51076,2.764998682,701
700,CabService,65,72,25-04-2022,03:47:52,WA1CFBFP0CA299574,49.8279218,22.3924149,2.764923646,213
701,CabService,78,98,20-09-2021,17:35:33,JN1AZ4EH8AM290503,37.0741297,-8.8436815,2.76484861,760
702,Rental,49,61,16-06-2022,13:25:32,JTEBU4BF0EK054900,13.918464,-90.872553,2.764773574,673
703,CabService,91,94,23-08-2021,05:35:07,1D7CE2BK6AS027871,36.065787,139.5560067,2.764698538,835
704,CabService,50,14,13-07-2021,10:42:32,1G6KD57Y79U912428,40.824367,119.837124,2.764623502,367
705,Rental,57,89,08-07-2021,20:41:21,WAUKG74F76N298552,-23.8714093,-49.8024588,2.764548466,559
706,Rental,82,41,16-07-2021,12:47:20,JM1NC2NF7E0905820,10.9578957,-3.2432781,2.76447343,329
707,CabService,34,26,15-04-2022,08:14:34,WBA3A5G57CN116888,46.8538849,38.4738904,2.764398394,135
708,CabService,25,12,20-10-2021,15:03:34,WBABN33483J849007,32.730304,129.8728011,2.764323357,375
709,CabService,99,70,24-12-2021,09:30:55,SCFAD01E59G216662,27.4583303,120.3078508,2.764248321,992
710,CabService,19,42,22-01-2022,12:38:19,1GYEE437080238458,60.4136423,44.2412709,2.764173285,788
711,CabService,79,11,28-09-2021,05:27:58,1G6KE57Y41U315786,1.05,118.8,2.764098249,567
712,CabService,8,81,30-05-2022,20:02:29,WAUBFAFL9EA469228,43.4945737,5.8978018,2.764023213,625
713,Rental,75,81,15-03-2022,15:47:05,2T3BFREV4FW340045,23.883531,110.666614,2.763948177,813
714,CabService,83,3,20-04-2022,03:07:23,WAUEF98E28A003526,35.23369,11.1107854,2.763873141,54
715,CabService,3,24,28-12-2021,19:04:01,WBSWD9C51AP244834,30.42594,111.76053,2.763798105,243
716,CabService,64,65,27-01-2022,00:08:25,WAUKF78P19A660182,-3.3728836,29.1448793,2.763723069,751
717,Rental,73,41,12-01-2022,17:09:24,2C4RDGBG5DR239585,33.5610062,130.5635665,2.763648033,780
718,Rental,90,3,16-08-2021,20:34:07,WBASP4C5XCC144058,-20.2384864,47.375551,2.763572996,302
719,CabService,63,99,26-10-2021,11:16:36,3VW467AT2CM869988,15.30487,47.83894,2.76349796,651
720,CabService,73,95,08-12-2021,02:02:03,WAUJC68E14A831664,27.9890156,-81.6802054,2.763422924,303
721,Rental,90,99,29-08-2021,19:35:08,5N1AN0NU5AC813072,-3.361378,29.3598782,2.763347888,85
722,Rental,23,90,20-10-2021,19:15:58,WA1CMAFE7BD165785,14.5353294,121.023576,2.763272852,841
723,Rental,5,75,27-03-2022,17:52:23,2FMDK3GC3AB308852,40.083782,112.832566,2.763197816,456
724,Rental,94,64,05-05-2022,14:08:11,3VW467AT6DM005253,19.5889431,96.2595008,2.76312278,652
725,Rental,71,77,06-04-2022,03:46:04,WDDHF5KBXEA866440,51.2688569,22.636336,2.763047744,947
726,Rental,2,98,10-12-2021,08:32:28,SAJWA4DB7DL539845,31.5547633,-84.06035,2.762972708,679
727,CabService,18,7,21-05-2022,21:47:19,1HGCR2E78FA106494,43.1627276,45.6198851,2.762897672,465
728,CabService,64,74,28-10-2021,14:35:48,WAUVT68E35A345067,44.9447526,4.8413855,2.762822635,233
729,CabService,30,82,27-04-2022,02:21:10,1C3CDFAA1DD968039,29.528923,104.990101,2.762747599,260
730,CabService,66,94,10-02-2022,18:29:09,5LMJJ3H52BE259218,46.689671,126.11386,2.762672563,800
731,CabService,90,22,17-09-2021,09:04:36,WBAPK7C57BF137006,22.826877,107.840624,2.762597527,102
732,Rental,59,35,29-08-2021,21:27:06,WAUVC58E32A725371,8.7078954,-76.0391909,2.762522491,960
733,CabService,27,71,29-08-2021,04:03:10,2C3CA2CVXAH885144,31.85932,105.754223,2.762447455,404
734,Rental,81,3,13-04-2022,18:29:35,1G4GL5E38CF503682,-6.9841118,111.7048262,2.762372419,346
735,CabService,17,39,08-09-2021,15:50:09,3N1CN7AP0EK812405,33.551052,119.113185,2.762297383,514
736,CabService,36,82,17-08-2021,15:03:52,1GYS3HEFXER108523,13.2409585,123.7750159,2.762222347,998
737,CabService,58,7,22-11-2021,01:08:14,SCFAD02A85G974128,43.6709677,26.7336839,2.76214731,223
738,Rental,96,46,05-09-2021,16:56:10,WAUPN44E97N451466,38.453095,114.600138,3,56
739,Rental,17,80,14-03-2022,22:57:34,WVGAV3AX0EW694322,-6.1519535,106.4302811,2.762072274,824
740,Rental,73,21,18-08-2021,21:46:58,WDDLJ6FB8FA087614,-7.4832133,109.140438,2.761997238,432
741,Rental,88,70,18-08-2021,17:27:16,JN8AZ1MU8DW098277,48.1875683,17.0216706,2.761922202,86
742,CabService,6,5,26-07-2021,14:49:54,WAUEKBFB9AN369493,35.3237104,33.3149413,2.761847166,779
743,CabService,53,27,21-02-2022,14:40:26,1FTEX1C82AF569100,-7.8305129,112.0192359,2.76177213,913
744,CabService,41,89,09-10-2021,17:03:43,KNAGM4AD1D5249926,26.08603,119.3028774,2.761697094,383
745,CabService,36,6,06-04-2022,22:08:29,2T2BC1BAXFC566043,55.0285129,82.9202027,2.761622058,633
746,Rental,42,91,08-06-2022,00:04:37,WP0AA2A92FS362046,41.781418,82.502677,2.761547022,390
747,CabService,2,71,17-08-2021,04:46:22,1GTC5MF92B8095564,51.3704296,16.9606267,2.761471986,294
748,Rental,10,86,03-07-2022,20:53:39,1FMJK1F56BE746538,43.5661719,43.4895256,2.761396949,300
749,CabService,20,42,22-09-2021,15:34:10,1G6DA67V980212672,-34.6342051,-58.4349355,2.761321913,828
750,Rental,58,61,05-04-2022,19:48:34,JH4DC23961S080911,38.8611918,65.7847269,2.761246877,422
751,CabService,89,15,20-06-2022,14:50:49,WUAUUAFG5F7323673,36.5003488,36.5999443,2.761171841,972
752,Rental,7,73,30-07-2021,00:46:00,SCBDC47L07C713346,-25.4645818,-56.013851,2.761096805,173
753,Rental,6,11,25-08-2021,00:56:34,WBA3B3G57EN378138,16.9296881,-89.8909572,2.761021769,186
754,CabService,3,28,01-08-2021,10:20:14,WAUJC68E65A623426,-27.36667,26.63056,2.760946733,53
755,CabService,88,72,15-04-2022,20:07:14,WBABD53466P492152,48.9776522,17.7311963,2.760871697,910
756,Rental,21,57,14-05-2022,20:09:20,JH4KB16618C326743,27.8145109,128.9093866,2.760796661,730
757,Rental,81,59,09-10-2021,22:53:34,JTDKDTB36E1514992,43.5211998,16.5578656,2.760721625,382
758,CabService,30,73,19-03-2022,09:30:04,SAJWA0HP9EM517193,12.1224221,-68.8824233,2.760646588,725
759,CabService,87,40,19-03-2022,18:41:03,1C3CDFDHXFD104621,-36.999012,174.876524,2.760571552,877
760,CabService,26,57,05-02-2022,16:07:09,WBA4B3C52FD372426,47.440449,19.1700809,2.760496516,461
761,CabService,4,57,28-03-2022,12:56:41,3VW507AT0EM628293,41.2476037,-8.2430831,2.76042148,75
762,CabService,43,73,07-11-2021,00:37:28,TRUWT28N721044951,36.041695,14.220356,2.760346444,211
763,Rental,44,2,11-05-2022,09:54:31,1FTEW1C82AF177012,41.057857,23.6514405,2.760271408,314
764,CabService,3,44,18-11-2021,09:13:42,WAUGGAFC3DN839504,38.03,106.317671,2.760196372,830
765,CabService,34,94,07-04-2022,13:17:31,3C4PDDGG5FT623641,36.533333,69.016667,2.760121336,554
766,Rental,1,65,15-01-2022,22:32:40,WAUMFAFL3AA017990,51.0389656,21.0648754,2.7600463,38
767,Rental,98,30,05-04-2022,02:36:22,WBAWL13547P503849,32.5571916,-84.9047641,2.759971264,217
768,CabService,92,70,14-01-2022,07:38:17,WAUKF78E28A341466,25.671402,104.260115,2.759896227,49
769,Rental,33,65,22-11-2021,17:30:04,2HNYD18681H641510,7.20312,124.796217,2.759821191,492
770,Rental,72,46,29-03-2022,16:09:53,JM1DE1KY6D0346085,-4.2141655,142.8151948,2.759746155,30
771,Rental,31,49,11-07-2021,01:29:34,1FMJK1H54CE876980,-3.680412,-79.6825275,2.759671119,697
772,CabService,76,61,20-03-2022,12:39:05,JTEBU5JR9A5015684,27.791393,110.864121,2.759596083,831
773,Rental,3,19,17-01-2022,01:34:56,3LN6L2G96FR196080,-7.0715432,111.9758606,2.759521047,814
774,Rental,84,95,24-03-2022,19:54:04,3N1AB6AP8BL900960,22.9550072,113.0126011,2.759446011,398
775,CabService,41,23,17-11-2021,13:15:53,2T1BURHE9EC085032,14.6701,121.108226,2.759370975,919
776,CabService,25,79,05-05-2022,16:21:13,3D73Y3HL8AG889526,10.5353285,107.4055814,2.759295939,540
777,CabService,58,93,30-07-2021,20:57:28,WBAGH03441D245493,52.0267944,20.9513034,2.759220903,171
778,Rental,3,42,16-01-2022,13:46:20,SCBCC41NX9C838220,48.9969392,31.4022422,2.759145866,805
779,CabService,21,47,11-08-2021,08:51:37,1GYFC562X9R404885,56.5201848,34.9410177,2.75907083,469
780,Rental,99,20,22-11-2021,08:48:17,5GAKVDKD1DJ068200,38.6125141,-9.0820766,2.758995794,702
781,Rental,29,100,06-06-2022,08:52:37,JA32X8HW2EU394885,3.5722301,98.6963584,2.758920758,235
782,CabService,61,44,03-12-2021,02:35:34,1G4GA5GR8CF828260,49.4709886,6.3640878,2.758845722,731
783,CabService,8,95,07-10-2021,23:02:26,5J8TB2H2XCA746819,41.833253,20.974874,2.758770686,885
784,CabService,19,79,05-06-2022,01:23:58,SCFEFBBC7AG667553,45.70734,5.534063,2.75869565,82
785,Rental,46,64,15-12-2021,13:57:42,WBAYA8C5XFG240708,32.19537,130.02554,2.758620614,166
786,Rental,94,100,13-03-2022,18:59:59,5GALVBED3AJ526786,20.3983828,104.2293297,2.758545578,66
787,Rental,63,18,15-07-2022,22:22:45,1FTSX2A56AE505472,50.24417,21.77627,2.758470542,358
788,Rental,34,83,23-09-2021,10:11:41,1N6AF0KY5FN433117,-7.2120117,111.692902,2.758395505,100
789,Rental,19,50,08-05-2022,19:52:16,JN1CV6AP0BM130727,51.2409432,33.2050521,2.758320469,251
790,CabService,20,98,02-05-2022,23:10:43,1G6KD5EY2AU966484,44.17893,43.4910283,2.758245433,310
791,Rental,34,48,17-11-2021,12:28:21,WUATNAFG8BN658490,51.2409432,33.2050521,2.758170397,617
792,CabService,46,51,09-03-2022,09:40:30,WAUJT58EX3A407960,39.8575426,-8.9052093,2.758095361,148
793,CabService,70,96,28-06-2022,13:40:34,3TMJU4GN4CM284266,18.2618642,-73.54837,2.758020325,676
794,Rental,76,25,10-02-2022,07:09:57,1GYFC23299R813429,5.329576,103.1369108,2.757945289,491
795,CabService,66,2,26-02-2022,09:20:31,2B3CK2CV2AH166870,14.4223149,-16.702825,2.757870253,943
796,Rental,81,2,16-11-2021,18:34:18,SCFAD01A35G233337,41.7555687,42.8315218,2.757795217,804
797,CabService,53,73,14-07-2021,07:22:01,1G6DN57U770903655,-6.9472168,107.3109745,2.757720181,842
798,Rental,93,81,02-07-2022,21:47:46,SCFEDCAD0AG067947,35.8875,14.51694,2.757645144,480
799,Rental,100,85,05-07-2022,12:51:36,2C4RDGCG1FR454091,19.5797297,-72.1697501,2.757570108,853
800,CabService,36,75,02-09-2021,17:18:58,1GYS4HEF3DR669822,-6.2266758,106.8104633,2.757495072,917
801,Rental,43,46,09-11-2021,22:19:32,1HGCP2E82AA933270,29.423417,116.991463,2.757420036,505
802,Rental,27,21,21-04-2022,07:50:12,JN1CV6FE6AM312695,57.6888453,11.9943311,2.757345,647
803,Rental,11,75,01-11-2021,01:53:22,WBAVD53568A079823,-5.7306487,-44.7756422,2.757269964,846
804,CabService,28,24,19-09-2021,01:27:26,2T1BURHE8EC578331,-13.7968333,-39.465738,2.757194928,111
805,Rental,99,24,26-12-2021,02:15:30,JN8AZ2KR4CT203546,24.8697215,89.3700108,2.757119892,97
806,Rental,61,89,22-03-2022,20:14:36,WBA3F9C50EF364959,39.9793657,-75.1253492,2.757044856,100
807,CabService,79,34,17-04-2022,18:49:44,4JGBF2FE0CA614661,13.6868427,-14.8797594,2.75696982,313
808,CabService,52,30,03-10-2021,18:06:26,WBAHN83537D576921,50.2997788,15.865081,2.756894783,717
809,CabService,82,56,12-07-2022,03:14:37,1FTEW1E87AK739474,39.9880319,23.6140148,2.756819747,296
810,Rental,19,56,14-11-2021,03:33:46,WVGAV7AX8BW396460,61.8099494,30.9377106,2.756744711,970
811,CabService,34,27,22-02-2022,11:09:42,WVWDB7AJ6EW324988,9.537917,-79.058693,2.756669675,62
812,Rental,37,30,29-03-2022,08:14:20,WAUCVAFR5CA156122,6.4675486,124.8060125,2.756594639,737
813,Rental,54,38,18-04-2022,16:57:41,JN8AE2KP8B9640813,48.6482135,34.336891,2.756519603,786
814,CabService,66,21,21-05-2022,18:34:39,JN8AE2KP7F9246743,40.508339,79.047291,2.756444567,162
815,Rental,64,98,12-02-2022,17:23:10,SAJWJ0FF8F8968295,40.479174,22.4845811,2.756369531,74
816,Rental,69,77,21-08-2021,23:00:22,SCFAB02A17G597344,14.9242794,-91.5431764,2.756294495,644
817,Rental,38,80,29-11-2021,06:53:52,2G4G05GV8B9392095,39.029567,117.661082,2.756219458,766
818,CabService,79,54,18-01-2022,22:38:37,2G61N5S37F9968057,0.76202,127.32015,2.756144422,589
819,Rental,73,90,01-11-2021,05:27:25,JN8AS5MT5FW593087,23.337683,112.674488,2.756069386,387
820,Rental,62,17,15-12-2021,09:02:17,YV126MFD3F1638832,-0.272699,36.3775152,2.75599435,896
821,CabService,28,70,27-01-2022,13:03:43,1D7RE2BK5BS392053,39.0369331,-9.1809626,2.755919314,937
822,Rental,63,50,07-02-2022,19:33:40,SCBZK25E21C535285,39.500179,118.874552,2.755844278,40
823,CabService,45,3,03-09-2021,12:22:46,JH4CW2H5XBC578002,-8.4709546,118.8276355,2.755769242,150
824,CabService,76,10,14-11-2021,04:44:26,WBA6B2C54FD220618,13.932401,46.0801697,2.755694206,649
825,Rental,65,39,09-06-2022,02:01:25,1GKUKFDJ8AR267339,52.704412,44.5519415,2.75561917,455
826,Rental,43,92,10-04-2022,22:20:04,4T1BF3EK7AU765635,43.6410973,51.1985113,2.755544134,214
827,Rental,41,60,08-03-2022,08:41:31,KNAFU6A28D5484295,8.6881283,-12.5355393,2.755469097,543
828,Rental,7,22,31-12-2021,04:23:40,WBAET37494N111952,31.2221,121.457658,2.755394061,748
829,Rental,16,14,30-05-2022,12:58:57,2G4WY55J311643736,-12.7398884,-60.1422676,2.755319025,905
830,CabService,93,98,23-10-2021,06:08:36,1GT01ZCG5CF661440,26.3358903,127.875104,2.755243989,196
831,CabService,30,97,05-01-2022,06:43:26,3GYFK66N06G626561,50.3068281,22.5169584,2.755168953,180
832,Rental,83,47,16-10-2021,04:42:35,2LMDJ6JK9BB431987,46.8087637,1.6937962,2.755093917,869
833,Rental,37,33,06-07-2021,01:19:47,WA1AY74L87D459641,32.068424,34.824785,2.755018881,306
834,Rental,64,34,31-05-2022,22:02:37,WBAVB13536P953487,51.8862378,-8.4824714,2.754943845,610
835,CabService,12,3,23-10-2021,18:55:37,WAUDH78E96A852432,-29.5904737,-51.3738524,2.754868809,744
836,CabService,88,5,26-12-2021,15:42:22,1GYS3DEF2BR717528,20.1591959,-100.5064114,2.754793773,493
837,CabService,90,49,19-08-2021,14:38:16,WAUDF98E16A703319,25.994869,111.984823,2.754718736,573
838,Rental,84,98,28-09-2021,14:46:29,2HNYD2H48CH555380,44.1675867,2.0308233,2.7546437,826
839,CabService,80,92,16-07-2022,02:48:26,JN8AZ2NC0E9092047,46.7593351,103.5184746,2.754568664,226
840,Rental,3,55,23-10-2021,06:09:01,5LMJJ2H52DE027294,31.558471,118.844538,2.754493628,568
841,Rental,36,91,03-08-2021,13:42:43,NM0KS7AN3AT036266,59.4310564,26.2664249,2.754418592,985
842,Rental,38,85,10-07-2021,03:25:24,3VW507AT7EM766154,63.6939838,22.7427761,2.754343556,286
843,CabService,43,7,07-05-2022,16:42:02,3MZBM1K78EM636681,-5.1734862,105.1990045,2.75426852,995
844,CabService,59,44,03-01-2022,16:12:02,WAUWFAFL1CA236796,49.8958515,18.8188681,2.754193484,72
845,Rental,56,94,02-07-2021,21:04:19,5UMBT93598L472795,-8.8230363,121.9373561,2.754118448,316
846,Rental,7,91,01-12-2021,02:53:04,1G6KA5EY4AU611938,-20.5501168,46.8010727,2.754043412,83
847,CabService,79,50,20-06-2022,08:07:13,1C4PJLAB6FW339977,46.388909,14.1071599,2.753968375,742
848,CabService,96,2,09-04-2022,18:23:02,1FTEW1C89AF087100,-5.383454,25.7456852,2.753893339,96
849,Rental,33,51,16-02-2022,04:25:35,1D4PT7GX4BW816908,15.596502,-87.9432837,2.753818303,81
850,Rental,4,47,20-05-2022,04:43:56,WDDEJ9EB3EA983944,5.8833366,118.0357162,2.753743267,498
851,Rental,61,40,23-02-2022,12:17:15,1G6DP57V080828169,43.7477413,39.5308638,2.753668231,908
852,Rental,85,54,25-09-2021,03:09:50,JH4NA216X1T262172,27.976295,104.319304,2.753593195,721
853,CabService,33,33,29-05-2022,02:53:39,JTHBS1BL6D5902823,50.994689,-0.964804,2.753518159,262
854,Rental,96,97,27-02-2022,04:58:52,WAUEG98E06A991822,54.11285,33.29648,2.753443123,460
855,Rental,28,72,29-08-2021,12:47:26,SCBDU3ZA3CC403026,51.8910459,-8.4242597,2.753368087,956
856,Rental,87,6,04-05-2022,22:40:41,5UXWX9C50E0018943,50.9218266,19.3568903,2.753293051,50
857,CabService,92,83,25-04-2022,15:47:01,1D7RV1GP1BS805150,-23.2251621,-45.8861749,2.753218014,92
858,Rental,58,62,08-01-2022,22:46:04,WAUVT68E65A817519,9.0651,123.0524,2.753142978,520
859,CabService,44,75,08-05-2022,09:36:08,WAUDFAFL2AA942180,-30.6732959,-51.4052742,2.753067942,544
860,CabService,27,51,08-04-2022,13:34:09,WBABW53415P961818,32.993182,110.425983,2.752992906,708
861,Rental,80,11,03-05-2022,06:21:16,1C6RD7FP3CS062730,54.0297214,28.0892299,5,894
862,CabService,55,88,30-10-2021,08:06:04,2HNYD18805H541196,9.9037751,4.4053497,2.75291787,686
863,CabService,48,14,03-09-2021,09:59:57,JN8AZ2NC9D9736062,35.810038,111.379101,2.752842834,52
864,Rental,68,68,16-03-2022,01:23:13,3LN6L2G94FR384855,50.03332,-113.58524,2.752767798,587
865,Rental,40,81,14-04-2022,06:13:33,WBA3A5G5XCN617497,43.2311668,44.6420273,2.752692762,342
866,CabService,57,88,23-07-2021,09:08:49,1D7RV1CP3BS637646,51.5742615,5.0840393,2.752617726,229
867,CabService,75,60,11-07-2022,14:35:44,1GYS4CEF5ER793059,14.3330959,-91.0245073,2.75254269,948
868,Rental,59,70,24-02-2022,02:15:07,1GYS4EEJ0CR079840,52.406614,22.2424971,2.752467653,868
869,CabService,77,61,24-05-2022,14:59:56,SALME1D4XAA477304,7.073684,124.720103,2.752392617,907
870,CabService,50,18,17-08-2021,01:35:16,WAUFMAFC9FN243756,26.5324775,53.9867949,2.752317581,574
871,CabService,89,78,07-07-2021,01:22:42,WAULT58E75A717754,16.1525,36.2032,2.752242545,799
872,Rental,60,39,09-10-2021,18:21:11,SCBLF34F23C979814,-8.4699,121.2227,2.752167509,436
873,Rental,61,70,18-04-2022,12:53:20,WAUBH78E07A978168,21.1753431,105.7308045,2.752092473,723
874,Rental,82,57,23-02-2022,22:36:28,1C4SDHCTXFC984198,32.147679,114.091192,2.752017437,768
875,Rental,6,71,21-11-2021,09:04:42,3N1CN7AP3DL002159,8.5052219,125.9753765,2.751942401,241
876,CabService,31,47,17-09-2021,08:37:06,WBAVB73518P492084,34.7836044,113.6738442,2.751867365,172
877,Rental,70,98,19-01-2022,23:23:01,WBAUP93598V821621,46.8464389,106.215698,2.751792329,160
878,CabService,64,92,14-04-2022,21:58:39,WBAVT13566A702575,13.9483457,100.791665,2.751717292,620
879,Rental,79,58,07-11-2021,19:56:36,3VWKP7AJ7CM070243,-5.98978,-37.9466737,2.751642256,934
880,CabService,38,87,17-08-2021,19:29:43,YV126MFC4F1224451,-21.7668575,-52.1096427,2.75156722,317
881,CabService,53,13,10-04-2022,19:43:26,SALFP2BG3FH937648,22.801624,113.525165,2.751492184,667
882,Rental,85,15,12-07-2021,18:57:27,19UUA56972A491179,32.8901015,72.8009248,2.751417148,946
883,Rental,98,90,08-06-2022,21:48:56,WBA3A5C5XCF046321,59.1536477,10.2212404,2.751342112,693
884,Rental,92,23,02-05-2022,17:18:47,WAUWFAFR3BA202619,11.3675415,106.1192802,2.751267076,516
885,CabService,11,59,02-04-2022,07:06:03,3D73M3CL9AG149017,19.4458447,-99.1497664,2.75119204,945
886,Rental,8,33,22-07-2021,09:59:08,1G6DL8EG3A0875056,53.2060963,5.7524581,2.751117004,855
887,Rental,31,63,25-09-2021,20:10:12,WAUAH98EX8A126788,-31.3644769,23.9179589,2.751041968,396
888,CabService,19,97,05-10-2021,04:27:29,YV1612FH2E1921406,59.4060153,17.917129,2.750966931,952
889,CabService,91,77,07-03-2022,00:06:14,WBAPL5C59BA269506,50.3844613,13.1712929,2.750891895,706
890,Rental,69,46,03-05-2022,02:06:47,WDDHF2EB1DA808757,15.1398293,-88.6714295,2.750816859,614
891,Rental,90,63,18-06-2022,01:09:54,3N1BC1CP5CK712910,52.3366443,20.941429,2.750741823,685
892,Rental,53,11,26-11-2021,18:49:24,WAUSH78E86A059081,54.3817334,18.2912258,2.750666787,292
893,CabService,30,49,16-12-2021,07:44:19,1G6D05EG1A0079462,10.5646285,-75.1232201,2.750591751,282
894,Rental,21,58,27-08-2021,01:37:03,WDDEJ7GB2DA228932,43.4945737,5.8978018,2.750516715,373
895,Rental,16,81,04-08-2021,22:17:23,5N1AA0NC3FN592053,-7.2268363,112.7286573,2.750441679,597
896,Rental,72,60,24-03-2022,20:39:40,WVGEF9BP3ED172229,41.3643024,48.5260928,2.750366643,733
897,Rental,90,73,01-11-2021,09:03:45,1GYS3AEF0BR638986,13.8092603,-10.8345647,2.750291606,974
898,CabService,75,73,09-12-2021,13:35:42,2V4RW3DGXBR098578,48.071593,119.059106,2.75021657,130
899,Rental,83,23,06-12-2021,20:37:06,WBADS43471G016638,39.7992062,44.7723968,2.750141534,290
900,Rental,49,93,08-06-2022,06:51:30,SALGR2VF2EA245714,27.27476,-80.31823,2.750066498,817
901,Rental,46,60,15-09-2021,00:08:41,KNADH4A30A6244530,-7.3708505,112.4440473,2.749991462,957
902,CabService,27,51,13-11-2021,17:46:08,1GYS4MKJXFR631976,34.488516,108.423318,2.749916426,271
903,CabService,58,58,03-07-2021,01:16:33,2T3BF4DV8AW580177,-10.7824056,-38.5761383,2.74984139,210
904,CabService,12,39,11-10-2021,21:25:56,KNDKG3A21A7940113,28.5076416,30.734995,2.749766354,161
905,CabService,33,36,25-02-2022,11:45:51,1FTEX1C84AK497761,33.6160293,-111.8926303,2.749691318,790
906,CabService,4,77,09-01-2022,08:43:09,1GYFK435X9R539246,50.2496386,66.9140468,2.749616282,724
907,Rental,10,41,02-06-2022,13:56:42,1G4HR54K744579581,54.5997042,18.4823439,2.749541245,372
908,CabService,15,94,31-01-2022,23:10:30,WBAEV33484P726657,-6.9143251,108.8105899,2.749466209,35
909,Rental,87,85,06-07-2022,02:28:38,JM1NC2PF1F0709015,59.4281489,10.65544,2.749391173,564
910,CabService,73,76,28-02-2022,08:17:20,JTHBE1KS2B0731125,2.0259109,-75.994964,2.749316137,227
911,Rental,31,16,06-07-2021,13:05:44,2GKALMEK3D6647782,-10.7275273,25.5088914,2.749241101,170
912,Rental,25,54,01-04-2022,07:02:49,WBAEV33474P256203,12.87678,44.99309,2.749166065,203
913,CabService,98,98,17-02-2022,02:14:26,5UXFG2C58E0332458,53.2866372,-6.2508196,2.749091029,627
914,CabService,79,18,14-01-2022,19:44:43,WAUVVAFR6CA148961,-7.2623348,38.7368187,2.749015993,276
915,CabService,40,58,06-01-2022,13:07:22,1G6KS54Y83U741870,-6.4525359,-37.4894776,2.748940957,122
916,Rental,59,16,16-04-2022,23:10:21,2C3CCAHG2CH441810,30.3312397,120.1534039,2.748865921,256
917,Rental,34,94,05-03-2022,16:38:58,WBAKE5C54CJ179847,-13.1638737,-74.2235641,2.748790884,248
918,Rental,31,59,20-03-2022,07:14:23,1G4HR54K83U318619,-7.7520206,110.4914674,2.748715848,158
919,Rental,47,16,14-02-2022,10:17:27,1VWAH7A33CC744500,25.112406,110.446979,2.748640812,361
920,Rental,74,25,26-04-2022,12:54:54,WAU4FBFL4CA580121,55.6613674,37.4429397,2.748565776,246
921,CabService,59,77,16-08-2021,10:03:21,KMHGN4JEXFU257777,8.1818348,124.147545,2.74849074,178
922,Rental,20,75,12-09-2021,00:54:54,1B3CB8HB2AD697940,37.4951161,-8.4978441,2.748415704,347
923,CabService,82,56,17-12-2021,12:22:33,WP0CB2A89CS425197,44.574779,133.2798776,2.748340668,898
924,Rental,51,72,24-05-2022,15:57:26,WAUVT54B24N339709,63.1109993,23.0789691,2.748265632,430
925,CabService,85,15,27-11-2021,20:53:59,YV440MBC6F1286761,12.9953534,15.7321831,2.748190596,264
926,Rental,35,38,26-12-2021,16:26:05,WBAKX8C50BC075080,45.8585463,39.6551933,2.74811556,191
927,Rental,11,38,05-09-2021,20:35:40,1GD311CG7FZ528787,59.9871162,15.8125817,2.748040523,467
928,Rental,59,65,19-09-2021,12:36:11,1HGCR2E76EA139850,1.699532,32.0733109,2.747965487,205
929,CabService,3,32,12-07-2021,11:03:47,KNAFU5A22B5965358,3.205886,101.5957199,2.747890451,752
930,CabService,14,5,31-12-2021,03:40:45,1N6AA0EC5DN898587,62.3011539,21.4081366,2.747815415,774
931,CabService,48,32,02-07-2021,00:01:09,1GYFC66868R938250,52.753093,-2.941678,2.747740379,389
932,CabService,51,7,23-12-2021,18:01:07,WAULD64B83N251210,10.1197024,-69.0393069,2.747665343,794
933,Rental,11,56,21-06-2022,14:51:26,1FTWW3B59AE850195,39.2126147,-9.2845234,2.747590307,403
934,CabService,41,12,10-10-2021,06:34:16,1FTWX3D59AE045467,-36.23975,-61.121304,2.747515271,687
935,Rental,95,90,22-08-2021,21:58:27,WBAUC9C57BV241755,50.1601386,107.3956619,2.747440235,585
936,CabService,12,74,14-02-2022,09:21:15,1G6DG577890351669,43.8249005,131.9019175,2.747365199,150
937,Rental,50,87,06-08-2021,10:27:53,3C63DRKL0CG447934,41.9121057,22.4068944,2.747290162,187
938,CabService,67,24,24-06-2022,19:54:07,WBAWC3C50AP419997,19.8084176,-70.7075503,2.747215126,292
939,CabService,83,34,25-01-2022,22:45:48,JH4CU2F68BC172608,-8.5894351,115.1417784,2.74714009,792
940,Rental,79,75,16-12-2021,15:14:24,2C4RDGBG7DR878745,29.833396,108.731128,2.747065054,449
941,CabService,41,20,23-02-2022,07:14:44,KNDJN2A23F7443390,18.7863009,-69.6531674,2.746990018,531
942,CabService,67,100,18-11-2021,05:03:37,4T1BF3EK3BU453281,-8.1854774,112.3531494,2.746914982,924
943,CabService,58,33,06-10-2021,20:40:11,KNAFU6A23A5138733,11.9876781,102.3960722,2.746839946,253
944,CabService,21,19,27-11-2021,19:40:29,WBAEV33403K620327,-34.990888,138.574391,2.74676491,833
945,CabService,91,37,06-02-2022,04:07:58,1GYS3JEF3DR179777,50.6927144,16.7525932,2.746689874,903
946,Rental,39,2,10-03-2022,20:35:50,2HNYD2H21DH430429,60.3588201,22.2240066,2.746614838,549
947,Rental,49,92,14-08-2021,20:29:41,WAUKF98EX7A444130,40.53971,45.61414,2.746539801,895
948,Rental,93,33,25-07-2021,21:45:49,KNAFK4A6XE5512144,39.068035,20.6971047,2.746464765,764
949,Rental,52,100,22-06-2022,17:55:07,WBAPN7C59AA133252,-18.617781,47.709942,2.746389729,484
950,CabService,33,9,19-11-2021,14:46:07,WVGEF9BP5ED502033,13.6256926,123.1848939,2.746314693,867
951,Rental,38,8,05-09-2021,05:00:38,WAUKF98E68A683420,4.5943745,-74.0740729,2.746239657,138
952,Rental,89,6,15-03-2022,05:31:18,WAUEF78E17A825091,45.299318,42.634626,2.746164621,32
953,CabService,24,49,01-09-2021,22:18:40,WBAEV33472K692902,7.7526495,-74.9442585,2.746089585,921
954,CabService,71,7,09-08-2021,09:45:38,5TFBW5F18BX119848,-24.6967014,33.544808,2.746014549,688
955,CabService,13,15,03-10-2021,15:57:13,2C3CDZBG1FH086153,35.99,-78.9,2.745939513,281
956,CabService,72,24,01-01-2022,04:03:39,WAULT68E25A210525,24.1477358,120.6736482,2.745864477,959
957,CabService,100,22,17-09-2021,06:41:08,1GKS1HE03CR129447,46.0199358,29.6734385,2.74578944,207
958,Rental,72,62,28-03-2022,10:43:38,19XFA1E55AE020237,43.1557012,22.5856811,2.745714404,95
959,Rental,67,55,13-12-2021,21:05:56,WAUFL44D33N300769,7.47717,80.384199,2.745639368,558
960,Rental,21,22,29-07-2021,10:17:33,1G6AY5SX9F0192941,-3.361378,29.3598782,2.745564332,210
961,Rental,60,47,24-02-2022,03:36:01,3D73Y4HL6AG389001,34.746611,113.625328,2.745489296,502
962,Rental,95,36,22-02-2022,23:32:48,5J6TF2H52DL779083,-7.1582623,107.9235563,2.74541426,299
963,Rental,75,11,18-11-2021,00:41:28,1GD022CG0CZ876433,10.018056,125.663981,2.745339224,43
964,Rental,38,25,16-07-2021,10:37:30,1G6DM57T560276768,38.9944979,-8.7339782,2.745264188,850
965,CabService,65,9,02-04-2022,10:03:19,1G6DE5E51D0590089,-21.2245142,48.3464426,2.745189152,874
966,CabService,2,25,01-12-2021,08:50:48,WBA4A9C58FD315802,-8.7789516,122.0098642,2.745114116,448
967,CabService,88,52,20-10-2021,04:21:49,55SWF4JB0FU159948,44.8147261,65.5887379,2.745039079,989
968,Rental,38,45,09-03-2022,15:25:23,WBAKX8C54BC530979,16.5347882,97.6032892,2.744964043,738
969,CabService,58,2,05-06-2022,21:52:28,WBAAZ334X3K674303,37.2516991,139.007103,2.744889007,727
970,Rental,53,99,15-03-2022,01:37:45,1G6KF57952U564878,53.7667424,91.3992147,2.744813971,631
971,CabService,26,46,15-04-2022,12:05:56,2C3CDXCT2DH489040,-34.7356949,-58.6340339,2.744738935,963
972,Rental,13,34,17-10-2021,10:09:06,SAJWA4EB9EL332468,29.693392,-9.732157,2.744663899,124
973,Rental,44,56,30-07-2021,15:10:03,19XFB2F25CE087169,21.547821,107.971826,2.744588863,412
974,Rental,99,90,11-07-2021,17:46:03,3C4PDCAB6FT878712,58.9764624,47.0220321,2.744513827,84
975,CabService,9,36,24-04-2022,11:46:25,JN1AZ4EH8AM150841,22.829287,107.200654,2.744438791,975
976,Rental,74,95,04-03-2022,20:29:39,5N1AN0NU5AC354092,30.007232,115.336359,2.744363754,106
977,Rental,99,30,21-06-2022,07:47:54,2C4JRGAG3DR139534,50.4800637,16.1816772,2.744288718,928
978,CabService,19,45,15-09-2021,20:21:39,1G6AL5SX4D0549521,55.7454343,-97.8681552,2.744213682,933
979,Rental,96,59,13-07-2021,02:14:52,WAUBF98E18A378617,51.3869562,6.1704266,2.744138646,761
980,CabService,48,79,26-03-2022,19:58:11,WAUVT58E23A909038,-8.6192014,122.2058206,2.74406361,915
981,Rental,17,23,29-06-2022,21:50:07,WBAWB73589P760571,-7.150975,110.1402594,2.743988574,953
982,CabService,66,82,01-12-2021,12:58:25,2G61V5S81F9104598,22.551367,114.088418,2.743913538,437
983,Rental,55,5,22-06-2022,14:19:55,1G6KD57Y65U618772,54.026345,-7.297914,2.743838502,871
984,CabService,60,95,23-03-2022,01:04:43,WVWAN7AN7DE950096,-23.534948,-46.7737972,2.744438791,457
985,Rental,85,91,10-12-2021,05:48:07,TRUSX28N511947844,9.3568025,1.248195,2.744363754,754
986,CabService,10,62,03-10-2021,10:55:31,5UXZV4C56DL620684,36.8979986,54.0738979,2.744288718,720
987,Rental,84,6,15-12-2021,23:28:01,SCFEBBAK6EG659082,-7.0777326,113.287085,2.744213682,601
988,CabService,33,31,25-07-2021,22:55:00,SCFAD02A06G199566,18.4849304,-69.8887766,2.744138646,547
989,Rental,57,71,26-10-2021,08:31:47,WAUHFAFL8BA599166,45.0075322,19.8227166,2.74406361,571
990,CabService,85,60,04-06-2022,15:08:40,SCFAD22303K515196,40.1667409,44.2123603,2.74406361,740
991,CabService,64,74,25-10-2021,08:21:32,1G6DN56S250526925,40.5042923,21.1592873,2.74406361,602
992,Rental,49,48,11-09-2021,19:47:08,WAUFL44DX3N375713,57.7197857,12.933356,2.74406361,163
993,Rental,90,34,24-12-2021,20:22:29,JN8AF5MV8FT289047,59.3626867,17.9693864,2.74406361,755
994,Rental,70,59,12-01-2022,22:07:00,WAUVFAFR7BA454367,-9.1384166,-77.7423469,3.74406361,812
995,CabService,19,85,30-11-2021,04:28:26,WAUVT58E52A863283,-21.0209448,-41.1547688,4.74406361,177
996,Rental,91,2,06-03-2022,20:22:46,WBA6B2C57FD170099,15.5900396,-87.879523,2.74406361,658
997,Rental,38,79,28-06-2022,23:35:38,WBSBR93421E318152,30.411429,118.390218,2.57406361,577
998,Rental,53,38,23-03-2022,13:13:54,WBAYG6C57FD254456,9.1914538,-10.1143176,4.74406361,263
999,CabService,99,68,18-10-2021,01:12:37,WAUEL94F86N398308,51.0377956,31.8880994,3.64406361,341
1000,Rental,8,25,24-12-2021,11:11:28,KNAFT4A26C5030973,50.338999,30.4222341,2.74406361,580
